domain,length,entropy,label
kc97hq4tmxdnhp1uakrhzp.top,22,4.0614821867207755,dga
cobibadu.info,8,2.75,legit
ju6ojdz26fo1szjivf.xyz,18,3.4613201402110083,dga
cifecu.info,6,2.2516291673878226,legit
8ep89fv78fqq.top,12,2.8553885422075336,dga
bucibu.info,6,1.9182958340544896,legit
dema.com,4,2.0,legit
yinzdozl9e34uzykd.top,17,3.572469458770135,dga
budi.net,4,2.0,legit
etp99jpkux.xyz,10,2.9219280948873623,dga
31z4pqxv4ztco.info,13,3.3927474104487847,dga
lobebi.org,6,2.2516291673878226,legit
moledido.net,8,2.5,legit
g7rq8lyyxe7q.site,12,3.084962500721156,dga
h03ps37vnz88gys8bqs.info,19,3.6421498816369042,dga
domamabe.net,8,2.5,legit
cifubabumu.info,10,2.6464393446710157,legit
felilifaci.net,10,2.4464393446710155,legit
tyejodbjwgihn3vzw7.info,18,3.94770277922009,dga
p2nqgz48gj3.info,11,3.2776134368191157,dga
fudicufo.com,8,2.5,legit
balidadeba.net,10,2.4464393446710155,legit
modululeco.info,10,2.721928094887362,legit
2kiw1awmhmsciz0vckm4r.info,21,3.7849418274376427,dga
bolifemo.com,8,2.75,legit
8bw8ohirrfkd.site,12,3.2516291673878226,dga
bcdrz01gtvb.site,11,3.2776134368191157,dga
dufelacala.info,10,2.6464393446710157,legit
fime.com,4,2.0,legit
mabifama.org,8,2.1556390622295662,legit
bobifimedi.info,10,2.6464393446710157,legit
2dwa5imy96505025kfboscr.top,23,4.001822825622231,dga
cubadubu.info,8,2.1556390622295662,legit
64tjipurntdt.xyz,12,3.188721875540867,dga
culilucu.com,8,1.9056390622295665,legit
bela.info,4,2.0,legit
5121rugy1mw.info,11,3.0271691184406184,dga
dedade.info,6,1.4591479170272448,legit
bedofibo.org,8,2.5,legit
cobelo.info,6,2.2516291673878226,legit
mudo.info,4,2.0,legit
cucemofuco.net,10,2.4464393446710155,legit
cumamomuba.net,10,2.4464393446710155,legit
mocifucabo.org,10,2.9219280948873623,legit
gvf6lcp227.info,10,3.1219280948873624,dga
2fc1uqbfobrcl472.top,16,3.5,dga
r3vt8ut465.info,10,3.1219280948873624,dga
boladu.org,6,2.584962500721156,legit
0du60282rtki5v6vr8v1x.info,21,3.6897037321995474,dga
dezx6kbj2ciepxxycj2x.xyz,20,3.521928094887363,dga
mofe.info,4,2.0,legit
l4i7t40v2ashjd.top,14,3.6644977792004614,dga
bucucacimi.info,10,2.4464393446710155,legit
r191eefqw4z6pihbkf.top,18,3.8365916681089787,dga
bufufobi.net,8,2.25,legit
pd7253iq3ixq.top,12,3.084962500721156,dga
lomamofoci.net,10,2.6464393446710157,legit
demuda.org,6,2.2516291673878226,legit
6rinmstxobaz53y.info,15,3.906890595608519,dga
celi.info,4,2.0,legit
fimofa.net,6,2.2516291673878226,legit
dibomu.com,6,2.584962500721156,legit
coco.com,4,1.0,legit
cemucu.org,6,1.9182958340544896,legit
modi.org,4,2.0,legit
febucu.info,6,2.2516291673878226,legit
luludi.info,6,1.9182958340544896,legit
cudu.net,4,1.5,legit
39c2mu46jd2.xyz,11,3.2776134368191157,dga
fumomemu.com,8,2.1556390622295662,legit
5by1lwnlrr2jcps5094.info,19,3.9321380397593746,dga
l6k9uradf577lkq2pfi0ey.xyz,22,4.095795255000934,dga
kkisdxd20q83g45uq0g.info,19,3.721611723969901,dga
7fhjzzgkexmvmzho15rr.info,20,3.784183719779189,dga
difi.net,4,1.5,legit
dafelabume.com,10,2.9219280948873623,legit
gsfuo2cp9jrb5oopo2nj.info,20,3.6219280948873624,dga
wld4aibqk1kae5.site,14,3.521640636343318,dga
9wfn7xtsu23bjkw10bs.top,19,3.9321380397593746,dga
lfi7gxhgqvuhlnf.site,15,3.3735572622751855,dga
q7wi5755losmahb3.top,16,3.577819531114783,dga
wf4i64xly54ikmoc0.info,17,3.6901165175936645,dga
celu.org,4,2.0,legit
muwbtkw2j2comxj.site,15,3.3735572622751855,dga
zg0oa3y31gvb37vmggaemi.info,22,3.6069367321753214,dga
modibocoma.info,10,2.6464393446710157,legit
rvv0efqcsi780c.info,14,3.3787834934861753,dga
fucadobela.info,10,3.1219280948873624,legit
vk78m4wbvy1g6zn.top,15,3.773557262275186,dga
qk1ebp7qjl4nzi3nldllj4.info,22,3.73215889136457,dga
mofadubi.com,8,3.0,legit
bumu.net,4,1.5,legit
q8ffpg3yvp4cut92.site,16,3.75,dga
didefe.net,6,1.9182958340544896,legit
884jxzosi36.top,11,3.2776134368191157,dga
lucaduce.info,8,2.5,legit
om6b1ipxqzyi.top,12,3.4182958340544896,dga
vr96t2hl5au64.info,13,3.546593564294939,dga
midubo.com,6,2.584962500721156,legit
tigy6tkects.site,11,3.0271691184406184,dga
vdh6dn7j95iojt.site,14,3.521640636343318,dga
bifufobi.info,8,2.25,legit
fama.info,4,1.5,legit
kkuow7sfqm9rit8f.top,16,3.75,dga
mababudafa.net,10,2.321928094887362,legit
cidodicu.net,8,2.25,legit
sc5z565od7b1u9.xyz,14,3.4677201004744993,dga
cocu.info,4,1.5,legit
fumo.info,4,2.0,legit
4unxu0cojbq90sjmvoyp5.top,21,4.011365041826379,dga
an9xdpycvuk6tisfc4tdi.top,21,4.011365041826379,dga
ledelodo.info,8,2.0,legit
1mle4scboed.xyz,11,3.2776134368191157,dga
xbjq3jqpkahfyzf7m1k1q.site,21,3.7849418274376427,dga
cabifa.info,6,2.2516291673878226,legit
cs0no39yhm.top,10,3.3219280948873626,dga
lofu.org,4,2.0,legit
lomofido.com,8,2.4056390622295662,legit
dodale.com,6,2.2516291673878226,legit
k2u0crf540v1gkq6ew09u3b.xyz,23,4.1429146733542535,dga
r05y0i0lpuyaxoaiy.top,17,3.29277019393699,dga
cici.net,4,1.0,legit
dide.net,4,1.5,legit
8a170xc71o4y.top,12,3.2516291673878226,dga
bodo.org,4,1.5,legit
8sdziza373dfdrgvgs4.site,19,3.5766176449086657,dga
sck8etfzhi9r1n6u.xyz,16,4.0,dga
femi.org,4,2.0,legit
cefobuledi.net,10,3.1219280948873624,legit
bufa.info,4,2.0,legit
e5wd1f2afuxequ.info,14,3.3787834934861753,dga
cedacefu.org,8,2.5,legit
69jgc3wjiqxpoqtfz.top,17,3.85216872360328,dga
sri2aofja5nv0.info,13,3.546593564294939,dga
cumocofe.net,8,2.5,legit
fabe.info,4,2.0,legit
lidemifu.org,8,2.75,legit
co5oeqxocn7xy43ccu.top,18,3.350209029099897,dga
bodocubu.info,8,2.25,legit
2bc8htsgwl7kg5mjv39y.info,20,4.221928094887363,dga
yj3eunglnqvwd169.top,16,3.875,dga
fadolo.net,6,2.2516291673878226,legit
7g4o2th83jevrcyqh31k.top,20,4.1219280948873624,dga
89mcv4t89p4qg.xyz,13,3.238901256602631,dga
b7g6z5ckstbopcrhyz.xyz,18,3.8365916681089787,dga
bibu.net,4,1.5,legit
4hr7bj0ojw5bp1xnfmy.xyz,19,4.037401197654112,dga
m5srf2fu6hbi.info,12,3.4182958340544896,dga
nom2pznt1ykxq9fif.site,17,3.85216872360328,dga
bacudi.org,6,2.584962500721156,legit
3xcftuxye19es4ih.site,16,3.75,dga
j0tc2dnb68.xyz,10,3.3219280948873626,dga
dafu.info,4,2.0,legit
3wsha5j3j7s9kt5.site,15,3.3735572622751855,dga
femoce.com,6,2.2516291673878226,legit
vtzdfx8vf3sml9cymt.info,18,3.7254805569978675,dga
damofalu.net,8,2.75,legit
9r1zvl2vkmmi.top,12,3.2516291673878226,dga
9mx9sey629rhigzxv9x.top,19,3.5766176449086657,dga
yevq6b9vgmngo8ccr8okef.top,22,3.913977073182752,dga
jdxa1fs4mgbnksf4htz45.xyz,21,3.9754180179138334,dga
yx0jsiiaebj5.top,12,3.2516291673878226,dga
cedudabubo.org,10,2.721928094887362,legit
cicude.com,6,2.2516291673878226,legit
n81ejb3vcfedlq.site,14,3.6644977792004614,dga
bama.info,4,1.5,legit
lima.info,4,2.0,legit
gyjkwp0r88i.top,11,3.2776134368191157,dga
7z4kwj6u7xy5k74l4yaevot.top,23,3.936180434129755,dga
lole.info,4,1.5,legit
koybjss1xr133jcwe2.site,18,3.7254805569978675,dga
hsdq8mpk0htutnd.info,15,3.506890595608519,dga
nvgfygwwqc38hyf9sxme.site,20,3.9219280948873627,dga
cebemi.org,6,2.2516291673878226,legit
uh5gllj5yqpo93l.site,15,3.456564762130954,dga
bibi.info,4,1.0,legit
x7matvgxq6a.site,11,3.095795255000934,dga
38r92i8l3178.info,12,3.0220552088742005,dga
fafaba.net,6,1.4591479170272448,legit
u9daqm2ox8.site,10,3.3219280948873626,dga
cecamu.com,6,2.2516291673878226,legit
cxyecd05abz19de8y24qcp4.xyz,23,3.9690016298759927,dga
tvfdg0lks9l.info,11,3.2776134368191157,dga
jimyq45h8m5.info,11,3.095795255000934,dga
fila.net,4,2.0,legit
focumibe.org,8,3.0,legit
didelebuci.net,10,2.721928094887362,legit
u0mnf6x4q6h3bay.info,15,3.773557262275186,dga
mame.com,4,1.5,legit
fktcnujfpwz6dtql.xyz,16,3.75,dga
micololofa.net,10,2.6464393446710157,legit
celuli.net,6,2.2516291673878226,legit
er04h5w21bksm4w2o6ov3i.info,22,4.095795255000934,dga
dobafi.info,6,2.584962500721156,legit
dibedoba.org,8,2.5,legit
lw87w211q5.top,10,2.9219280948873623,dga
leledo.org,6,1.9182958340544896,legit
7apyv45qsh0anzxwideteh.site,22,4.186704345910025,dga
dili.com,4,1.5,legit
lofudoma.org,8,2.75,legit
melocude.info,8,2.75,legit
vq2rpuvn3vbi.info,12,3.188721875540867,dga
defadimicu.net,10,2.9219280948873623,legit
s8ioijdqfrr5rni7he0x.info,20,3.846439344671016,dga
ytzxi9clqk65v.xyz,13,3.7004397181410926,dga
mucecidu.net,8,2.5,legit
gbodaigu1okfmx8.site,15,3.640223928941852,dga
7p45ru4ofq.info,10,3.1219280948873624,dga
mifalodado.info,10,2.721928094887362,legit
72urmspvpxo3uhp20xf.info,19,3.6818808028034025,dga
dmz586ek26y9yzrnl.info,17,3.7345216647797512,dga
knmic1f1mjquefy9z9.top,18,3.7254805569978675,dga
loci.org,4,2.0,legit
kzeoy3fw3383gflgz1.info,18,3.3921472236645345,dga
babifafaco.org,10,2.4464393446710155,legit
balebililu.com,10,2.4464393446710155,legit
lole.net,4,1.5,legit
daculolalu.info,10,2.4464393446710155,legit
ml8wu3r9ke7j.top,12,3.584962500721156,dga
ljcn17rugwskhsr52.info,17,3.85216872360328,dga
fafocicole.org,10,2.721928094887362,legit
vpine9nnovjarji8qlhbiaw.top,23,3.8492239123906247,dga
bilico.info,6,2.2516291673878226,legit
98egvs9voqbael21kim7t5.xyz,22,4.186704345910025,dga
bolu.com,4,2.0,legit
mudo.com,4,2.0,legit
bumobu.com,6,1.9182958340544896,legit
z47od5q0tvjcu0arn9585.info,21,4.070656113151928,dga
locamibu.com,8,3.0,legit
dufulo.info,6,2.2516291673878226,legit
fice.info,4,2.0,legit
ar0omnel25u3p1zcyuz87.top,21,4.20184123230257,dga
qx9r4iyjcujf63y.site,15,3.640223928941852,dga
cucabu.org,6,1.9182958340544896,legit
fomacimabi.com,10,2.721928094887362,legit
liba.org,4,2.0,legit
leba.net,4,2.0,legit
lcsxu1hgca.info,10,3.1219280948873624,dga
keqbz78qemmm3ofi.site,16,3.452819531114783,dga
dicolomedu.com,10,2.9219280948873623,legit
0b6td5n89shp.xyz,12,3.584962500721156,dga
focude.com,6,2.584962500721156,legit
mpxpmfb0ba.info,10,2.721928094887362,dga
ygw5f2micmbp5ye8t582b.site,21,3.6897037321995474,dga
femo.info,4,2.0,legit
fime.info,4,2.0,legit
bicuma.org,6,2.584962500721156,legit
fomidimo.org,8,2.25,legit
bubimami.info,8,2.25,legit
guumgnlxn047gp.site,14,3.1820058147602133,dga
mucacidu.com,8,2.5,legit
femifa.net,6,2.2516291673878226,legit
bumocobicu.net,10,2.5219280948873624,legit
mamu.info,4,1.5,legit
dx8popqmcpefx75zbx.xyz,18,3.6416041678685933,dga
mi1ewfibq8xa511uoq.site,18,3.6835423624332306,dga
bn4jp18mft3j41bhk.info,17,3.616874605956222,dga
dljootvgeacc0cwpa890.site,20,3.784183719779189,dga
rnzj2o1xj4f5l3.info,14,3.6644977792004614,dga
t3j6gioxy26mzmer1.info,17,3.85216872360328,dga
e4qvzfv8yu58c.site,13,3.3927474104487847,dga
x35uaf3we8.site,10,3.1219280948873624,dga
dibudimace.info,10,2.9219280948873623,legit
bubilocabu.org,10,2.6464393446710157,legit
caloce.info,6,2.2516291673878226,legit
b94dyyi119ih.info,12,2.918295834054489,dga
d6xesslb2q.xyz,10,3.1219280948873624,dga
j4mt8fnecqvcjw9zole3s.info,21,4.106603137064474,dga
o1ukgo8oua5fisv.info,15,3.456564762130954,dga
cumememude.info,10,2.1709505944546685,legit
sy0x4knsf4il.site,12,3.2516291673878226,dga
mufifofufo.net,10,2.1219280948873624,legit
1hmqt68pdx4n1rlr6c.site,18,3.8365916681089787,dga
lemo.info,4,2.0,legit
lifidu.com,6,2.2516291673878226,legit
dedulode.com,8,2.1556390622295662,legit
buubtiih3dq91e8z2.info,17,3.7345216647797512,dga
dabafobi.net,8,2.5,legit
leca.org,4,2.0,legit
dobululibe.com,10,2.721928094887362,legit
5hbpkt9a90foh3hj5s6r04.xyz,22,3.970573095811685,dga
medalemilo.com,10,2.721928094887362,legit
lemudema.com,8,2.5,legit
mimabamo.com,8,2.1556390622295662,legit
dolocabe.net,8,2.75,legit
ormbf82f6zm5u6.info,14,3.3787834934861753,dga
mufudididi.info,10,2.1709505944546685,legit
2a681ta05x0bk.info,13,3.3927474104487847,dga
colufefedo.info,10,2.721928094887362,legit
mufo.info,4,2.0,legit
sheu0ncjuuzo1p3j0lslc1.top,22,3.6978458230844122,dga
4c4ut7wms0xv4iicpactr1.site,22,3.8453509366224363,dga
lalu.info,4,1.5,legit
9yvi7f16xbxtlnv5moij.info,20,4.021928094887363,dga
buyyug5gnv56vktx1.xyz,17,3.4992275471326924,dga
a0hr2nfvph.info,10,3.1219280948873624,dga
memidilicu.net,10,2.6464393446710157,legit
mflw2ar2i0qk1e.xyz,14,3.6644977792004614,dga
vhqmrz8jpt6rcbk4oaa61zy.top,23,4.1757358691004915,dga
mucoca.info,6,2.2516291673878226,legit
cedufumo.org,8,2.75,legit
ducu.com,4,1.5,legit
mebulicade.net,10,3.1219280948873624,legit
fr2p3yvb5ul5nwqvr.info,17,3.7345216647797512,dga
o232i1zu0mm3ah.xyz,14,3.3787834934861753,dga
cofa.info,4,2.0,legit
luca.org,4,2.0,legit
3s8ke2wt1q3tmy4gpy.xyz,18,3.8365916681089787,dga
n22pxgx8wdzrmh3fnbd.top,19,3.826874881864638,dga
bedabamo.net,8,2.5,legit
melomi.com,6,2.2516291673878226,legit
mudibi.org,6,2.2516291673878226,legit
dola.net,4,2.0,legit
mg83vgd3kew9owa.site,15,3.506890595608519,dga
bpmbjpi4hn3qxkhktgb.xyz,19,3.6818808028034025,dga
5w8q5qx3awtv7.site,13,3.238901256602631,dga
camalofo.org,8,2.5,legit
xphzd54adsap.info,12,3.084962500721156,dga
4d9zqfz61ii49.top,13,3.0850551027564768,dga
044msusdfo8cl.site,13,3.3927474104487847,dga
ladocacofu.org,10,2.721928094887362,legit
modoci.info,6,2.2516291673878226,legit
aworlqb8gyq9n2ou.info,16,3.75,dga
j2wlnc8n2d7gyt2dady.info,19,3.5368867237421675,dga
o679o2xz36jwb4gs0fh.site,19,4.037401197654112,dga
00jtyl84potj3d90.top,16,3.452819531114783,dga
dalomami.org,8,2.5,legit
mzveuv5n4hr3c8j.xyz,15,3.773557262275186,dga
a6or8z86oc1iqz4j.info,16,3.5,dga
3aq0r5lv646stq8p.xyz,16,3.75,dga
bocolu.info,6,2.2516291673878226,legit
mica.info,4,2.0,legit
lkcdxsn1qv3cgd8lk.info,17,3.616874605956222,dga
cefacocefi.info,10,2.4464393446710155,legit
docide.org,6,2.2516291673878226,legit
tyctlj20otybgfvpax5n.info,20,3.9841837197791894,dga
kkubhmt69s98.info,12,3.2516291673878226,dga
dofifufimi.com,10,2.3709505944546687,legit
593gv7qex1b8.site,12,3.584962500721156,dga
dulu.com,4,1.5,legit
l1g5519jn7qschpt9a72mv.info,22,4.095795255000934,dga
deci.com,4,2.0,legit
mamaba.net,6,1.4591479170272448,legit
4d1hxk4o95rdkd.site,14,3.1820058147602133,dga
ducilo.net,6,2.584962500721156,legit
debelume.org,8,2.4056390622295662,legit
6fvlzjuxyzt2.info,12,3.4182958340544896,dga
cimu.net,4,2.0,legit
epsof1gg2ktbcudswx1jp7.top,22,4.095795255000934,dga
bobilale.com,8,2.5,legit
cucediba.org,8,2.75,legit
y9vl8ma1fvp4bg.info,14,3.6644977792004614,dga
mifame.com,6,2.2516291673878226,legit
n509hxeg6u02k.xyz,13,3.546593564294939,dga
20o3ogbb8h57w.info,13,3.3927474104487847,dga
lulemi.info,6,2.2516291673878226,legit
jjk6bgsqjw.top,10,2.8464393446710154,dga
mulubide.org,8,2.75,legit
aww8fgu2qrz.top,11,3.2776134368191157,dga
bicidifimu.net,10,2.5219280948873624,legit
gn8yc64ey5jlhbq.xyz,15,3.773557262275186,dga
k0h80k994r.xyz,10,2.721928094887362,dga
alfs04injr7.info,11,3.4594316186372973,dga
mumimi.net,6,1.4591479170272448,legit
labo.com,4,2.0,legit
bebuloda.net,8,2.75,legit
itatonubr9.site,10,3.1219280948873624,dga
bicali.com,6,2.2516291673878226,legit
dk3z4t48oy.info,10,3.1219280948873624,dga
w86ngcpcmjtni9nwri1.site,19,3.6818808028034025,dga
momumomedo.com,10,2.0464393446710156,legit
demicifeli.com,10,2.6464393446710157,legit
av3jcjudt5.top,10,3.1219280948873624,dga
2am7smc67okcxp.top,14,3.3787834934861753,dga
didemebi.net,8,2.25,legit
x99qwb0hwm8lswu652f.xyz,19,3.8924071185928764,dga
cufudebu.org,8,2.4056390622295662,legit
vgpmm82i1lr3pe29gd8afp.info,22,3.8796640049025943,dga
cobada.info,6,2.2516291673878226,legit
x2ei7xzurphb.site,12,3.4182958340544896,dga
bocomufici.org,10,2.721928094887362,legit
ta5mheajh7gpng4b62zdhtz.info,23,3.9690016298759927,dga
defi.com,4,2.0,legit
cimude.info,6,2.584962500721156,legit
mocica.net,6,2.2516291673878226,legit
ers4mrbrmp2ac19.xyz,15,3.456564762130954,dga
mvg0ch236i5a7d9146ll.top,20,4.1219280948873624,dga
mifo.info,4,2.0,legit
cedimafode.org,10,2.9219280948873623,legit
cadoci.com,6,2.2516291673878226,legit
ydgdvr8x2sh4.info,12,3.4182958340544896,dga
g9o9yp6sdyy0.info,12,3.0220552088742005,dga
cababemubi.info,10,2.6464393446710157,legit
71n8mtzx272hpoevb9oo.top,20,3.8841837197791893,dga
scjrirdpn8hawxuf9qi0sud.info,23,4.088779347361361,dga
a51liy8o69wezc1b3eu.top,19,4.037401197654112,dga
malo.info,4,2.0,legit
dalodulubu.org,10,2.4464393446710155,legit
dima.info,4,2.0,legit
uwu260rv57.top,10,3.1219280948873624,dga
fefofi.com,6,1.792481250360578,legit
t38rzbu612rym8pa.info,16,3.75,dga
6g26oc7t3bd4z1g52efuj.xyz,21,4.106603137064474,dga
nx2q7pvj07dzr81c12m9oq.top,22,4.095795255000934,dga
4xpycwhe4f1do89.top,15,3.773557262275186,dga
r0v6rast5j284wv9.xyz,16,3.75,dga
mimadulo.org,8,2.75,legit
i5syleg89jrfzi1.top,15,3.773557262275186,dga
bifibebo.net,8,2.1556390622295662,legit
qywekse8p7.info,10,3.1219280948873624,dga
qod4k7yjpchm.info,12,3.584962500721156,dga
lifu.net,4,2.0,legit
fsu0lmi8x76rkq4.top,15,3.906890595608519,dga
lilefulo.com,8,2.4056390622295662,legit
camu.org,4,2.0,legit
bececemi.info,8,2.1556390622295662,legit
cobo.com,4,1.5,legit
lumicimucu.info,10,2.2464393446710154,legit
1z0shzbuk3xf1gp1.top,16,3.577819531114783,dga
bamubamu.com,8,2.0,legit
badicoca.net,8,2.5,legit
x1mrggexvbps.top,12,3.2516291673878226,dga
beli.net,4,2.0,legit
bacucila.info,8,2.5,legit
ledodo.net,6,1.9182958340544896,legit
cabefo.net,6,2.584962500721156,legit
dolidicu.com,8,2.5,legit
febude.info,6,2.2516291673878226,legit
dofulo.net,6,2.2516291673878226,legit
ducifefu.info,8,2.5,legit
aperlh2vh683.top,12,3.4182958340544896,dga
lafeba.net,6,2.2516291673878226,legit
4uvg692bf5mlt.xyz,13,3.7004397181410926,dga
lidamocubu.info,10,3.1219280948873624,legit
bamefa.com,6,2.2516291673878226,legit
becali.info,6,2.584962500721156,legit
mifefelaca.net,10,2.721928094887362,legit
jx4xtbcdpq9ytx.site,14,3.3248629576173565,dga
ou83mwjmjntlgb8ci8w.top,19,3.6818808028034025,dga
dubo.net,4,2.0,legit
bolobolebi.org,10,2.1709505944546685,legit
eyoou0w78aqpsfzve9l4uw.site,22,4.095795255000934,dga
sesa3cnshd.xyz,10,2.8464393446710154,dga
lafami.org,6,2.2516291673878226,legit
ftjw3zk3ajmlttflpn1fpj.top,22,3.5383105956150063,dga
bodobulofo.org,10,2.321928094887362,legit
13ylgzcpkr8se.top,13,3.7004397181410926,dga
rkeaylrfn2v.top,11,3.2776134368191157,dga
codofubofe.net,10,2.6464393446710157,legit
4yakxc8l0gfk.info,12,3.4182958340544896,dga
e8tbix592any7zdvdzpczz.info,22,4.004886164091842,dga
madi.net,4,2.0,legit
9a8oczuqdkw9u.info,13,3.3927474104487847,dga
bufecadibu.net,10,2.9219280948873623,legit
didofudofi.com,10,2.2464393446710154,legit
difa.net,4,2.0,legit
fudocaba.info,8,2.75,legit
bime.info,4,2.0,legit
bido.info,4,2.0,legit
fidobucimo.net,10,2.9219280948873623,legit
dulefo.com,6,2.584962500721156,legit
micalumucu.org,10,2.4464393446710155,legit
mabali.org,6,2.2516291673878226,legit
mili.info,4,1.5,legit
madi.net,4,2.0,legit
goavws97xgck5i0gqmmhzn3.info,23,4.229871195093384,dga
bicabu.info,6,2.2516291673878226,legit
bude.info,4,2.0,legit
fafodobume.info,10,2.9219280948873623,legit
tfpk4eud1z1j.xyz,12,3.4182958340544896,dga
lufome.com,6,2.584962500721156,legit
s4rg1lq5xvthga9.top,15,3.773557262275186,dga
nhlla92uhcinkf.info,14,3.3787834934861753,dga
mufilacilu.net,10,2.721928094887362,legit
46s6e1wlrqqxqq1d8n8xe.xyz,21,3.535174565635903,dga
pdhbxz52x1tex2wxs.info,17,3.4992275471326924,dga
bmeegrl8h39xlj8lpaukr.info,21,3.880179922675738,dga
dsk8xhsr9z9ocxl.site,15,3.506890595608519,dga
babicido.org,8,2.5,legit
fodeco.org,6,2.2516291673878226,legit
im0m0j19qnaekcq4eo.site,18,3.7254805569978675,dga
lofebode.info,8,2.5,legit
p4wyj9dak64.site,11,3.2776134368191157,dga
ojslyqkxb1tjc.xyz,13,3.546593564294939,dga
6di5eeijg7kpfxwv.info,16,3.75,dga
k7eofdls941kp.info,13,3.546593564294939,dga
cl6kaz139q6to1krf7.xyz,18,3.8365916681089787,dga
v5o2hgkiib25x1b7x8g04c.top,22,3.913977073182752,dga
ducifibu.info,8,2.5,legit
skbn8pfputbhsw02byle.top,20,3.8841837197791893,dga
bidumele.info,8,2.75,legit
qyahpy2pcm3g7n4ytu.site,18,3.794653473544342,dga
f8k5h9j0uno3f3a81tqkz.top,21,4.011365041826379,dga
pzm6wzq0es.info,10,3.1219280948873624,dga
o7v0vu57923titkq.xyz,16,3.625,dga
bulu.info,4,1.5,legit
cedido.net,6,2.2516291673878226,legit
qypw47ltos55zw8.top,15,3.640223928941852,dga
bedelamuma.com,10,2.721928094887362,legit
52se3qmctnudjo8xdkk.info,19,4.037401197654112,dga
a7gbyjddmrksqjdsn8cw2.site,21,3.9754180179138334,dga
meca.net,4,2.0,legit
dimala.net,6,2.2516291673878226,legit
l7fyqqe0ec.xyz,10,2.9219280948873623,dga
comofolo.org,8,2.0,legit
jotinif1heb.site,11,3.2776134368191157,dga
ztn8gmbbbshnleeq2.info,17,3.572469458770135,dga
fadefo.com,6,2.2516291673878226,legit
4n29gauphj8366q8.site,16,3.75,dga
cici.org,4,1.0,legit
sw2863c2fwlp8z2y4m8lb2r.top,23,3.795088586397732,dga
dofa.net,4,2.0,legit
dadufofuba.info,10,2.5219280948873624,legit
wqf6bh3llzcf0tu32qv.info,19,3.826874881864638,dga
dimedubu.info,8,2.5,legit
99fu34kgy97cdvp48ne9yj.top,22,3.913977073182752,dga
budilefe.org,8,2.75,legit
mobodabo.com,8,2.1556390622295662,legit
mufudice.com,8,2.75,legit
gup3hr2pjgdsy0pkuum.top,19,3.6421498816369042,dga
cufi.com,4,2.0,legit
badofada.info,8,2.1556390622295662,legit
99aft69n3vxdo3v94x2h.top,20,3.6219280948873624,dga
boca.com,4,2.0,legit
celofubeda.org,10,3.1219280948873624,legit
n9u47yul38v8wq4mpr9tot.site,22,4.004886164091843,dga
mm7081b6ou4ce2bp0.top,17,3.7345216647797512,dga
z2n3q82hr6vvlqv.site,15,3.323231428797621,dga
trxg8wjai7sx50.site,14,3.6644977792004614,dga
2f11b0oiis7gvuqkaosc.xyz,20,3.9219280948873627,dga
vmeogkkc06guu9.xyz,14,3.3787834934861753,dga
lafaco.info,6,2.2516291673878226,legit
lubucecu.org,8,2.1556390622295662,legit
bl2set6u3l.xyz,10,3.1219280948873624,dga
demu.net,4,2.0,legit
sn1qwp7aqsked.site,13,3.3927474104487847,dga
ciludomo.com,8,2.75,legit
8vm8zmgauculrp7p9aw9k0k.info,23,3.9148663038831,dga
difeducoco.com,10,2.721928094887362,legit
fiboculacu.net,10,2.9219280948873623,legit
sh1sr7uxkjs7.xyz,12,3.0220552088742005,dga
22f52uh5bgz0c.site,13,3.180832987205441,dga
bumifu.org,6,2.2516291673878226,legit
zoz53s2klzsa.info,12,3.0220552088742005,dga
dobu.net,4,2.0,legit
cululomaba.org,10,2.721928094887362,legit
ludodabo.org,8,2.5,legit
n2khqopd9bdo4ccooj.top,18,3.5032583347756456,dga
k8n21l2ruqnbmzsy8.site,17,3.7345216647797512,dga
macobubi.net,8,2.75,legit
tn7tlhxcmf26b46jmv4.info,19,3.826874881864638,dga
1vcr3fv9ciabtym.xyz,15,3.640223928941852,dga
mumemefu.org,8,1.9056390622295665,legit
aqxpdh3tkz6thsxooi4j.site,20,3.9219280948873627,dga
macudufalo.net,10,2.9219280948873623,legit
403ouo2qtcoqz.top,13,3.180832987205441,dga
mofa.org,4,2.0,legit
modumemuma.org,10,2.321928094887362,legit
mebede.org,6,1.792481250360578,legit
muludici.info,8,2.5,legit
e77r08bzzqbwggclfkx.site,19,3.826874881864638,dga
5xrzyg301jbs3hyatc.top,18,3.94770277922009,dga
5wvo01z8tubcijvzynze8y.site,22,3.970573095811685,dga
mobecodubi.info,10,2.9219280948873623,legit
bolelu.net,6,2.2516291673878226,legit
t2o90s1me4xla5gz2.xyz,17,3.9698157824268097,dga
63pnwdds54s8ag1iqxzxczd.top,23,4.0559581516151235,dga
falalu.com,6,1.9182958340544896,legit
lodaba.org,6,2.2516291673878226,legit
1fqivw328kcv.info,12,3.4182958340544896,dga
fafo.com,4,1.5,legit
malu.org,4,2.0,legit
yea4anmxc7qksnh8ois8s6e.info,23,3.9690016298759927,dga
bobabu.info,6,1.792481250360578,legit
c15k75i90za.info,11,3.2776134368191157,dga
modidecuci.net,10,2.721928094887362,legit
colibu.com,6,2.584962500721156,legit
dafi.net,4,2.0,legit
cabelici.org,8,2.5,legit
mimumofece.info,10,2.6464393446710157,legit
macocicimi.net,10,2.1709505944546685,legit
bede.info,4,1.5,legit
15zt22tf0myw1cqvcb0p.top,20,3.8219280948873626,dga
k9727a4i3do3h0g1b96h4.top,21,3.916126946588284,dga
mobomebedu.net,10,2.5219280948873624,legit
esg687cviyjklk2c0.site,17,3.85216872360328,dga
biaccjtxooep.info,12,3.2516291673878226,dga
37wi9li16dh7jt.xyz,14,3.521640636343318,dga
fada.net,4,1.5,legit
uyzy18nl4im9.site,12,3.4182958340544896,dga
wysg9qm28s1.xyz,11,3.2776134368191157,dga
voc209gals9a9xw36.site,17,3.6901165175936645,dga
3idhfhhyzgi.xyz,11,2.8453509366224368,dga
lelamu.com,6,2.2516291673878226,legit
mici.com,4,1.5,legit
limeloma.net,8,2.5,legit
hizcrmj1bmfdy07toov1.info,20,4.021928094887363,dga
lufucifo.org,8,2.5,legit
9ftnwn06jkloqmhld.info,17,3.85216872360328,dga
felome.com,6,2.2516291673878226,legit
lifibilobe.net,10,2.4464393446710155,legit
dofefu.com,6,2.2516291673878226,legit
cobe.net,4,2.0,legit
pr8doywllpuwbwjm58tl5cf.top,23,3.8492239123906247,dga
bilabe.info,6,2.2516291673878226,legit
1gxi9d99vh0w1dstwg6nj4o.info,23,3.9690016298759927,dga
famicubalo.com,10,3.1219280948873624,legit
vpaafh5jf6.top,10,2.9219280948873623,dga
ur0h5hk9e4a3qtp0.info,16,3.75,dga
r4s86pyb5zx8g2obzo2x.xyz,20,3.7219280948873625,dga
lueulh2t0u.site,10,2.6464393446710157,dga
mabafifida.net,10,2.4464393446710155,legit
supf6d4r09imut0ugc.top,18,3.794653473544342,dga
febedulufu.com,10,2.4464393446710155,legit
mico.net,4,2.0,legit
extf7x7cdj24kha7tvc39yb.info,23,4.0559581516151235,dga
mljel532uuj2e42trdw6e.site,21,3.6537567082870015,dga
badu.net,4,2.0,legit
made.org,4,2.0,legit
damudicu.info,8,2.5,legit
qricus9ssvo6fh9b9h9.xyz,19,3.471354487013929,dga
cababu.com,6,1.9182958340544896,legit
n7p05djrfco70x3fg6.site,18,3.8365916681089787,dga
9e6svh6q8q2y4pv33b4hq.site,21,3.6897037321995474,dga
9o6uqxrdc1qtxs3v.info,16,3.75,dga
kxkgkoj81mrdzsy7.xyz,16,3.702819531114783,dga
mucami.net,6,2.2516291673878226,legit
lilidade.org,8,2.25,legit
usy38wtqx653g.top,13,3.546593564294939,dga
moca.com,4,2.0,legit
dido.com,4,1.5,legit
h1btohnz7f5kcmhmywwj7z.xyz,22,3.8796640049025943,dga
ueybgflrgfx6q87yd.top,17,3.7345216647797512,dga
0u3pi5u7cgefbadvfu.site,18,3.794653473544342,dga
ovotacg6ez2.site,11,3.2776134368191157,dga
mima.net,4,1.5,legit
1c6468l9ewl484mas91.xyz,19,3.471354487013929,dga
mebomebu.org,8,2.25,legit
gifjtemp1z383zc74nek.top,20,4.021928094887363,dga
delo.net,4,2.0,legit
qp2px3fa4i.top,10,3.1219280948873624,dga
fomo.net,4,1.5,legit
7kxxsy0vdvevg9ys.xyz,16,3.327819531114783,dga
9dh6hcnb09og.info,12,3.2516291673878226,dga
muficomaci.org,10,2.721928094887362,legit
female.com,6,2.2516291673878226,legit
a0zk2ci0zaqvdx.top,14,3.3787834934861753,dga
fucamamu.com,8,2.25,legit
dema.net,4,2.0,legit
73uaanyguxql9qpr4v.site,18,3.8365916681089787,dga
6kjkvcbfcqn.site,11,3.095795255000934,dga
bodifu.org,6,2.584962500721156,legit
87grpei320h36.site,13,3.546593564294939,dga
cqvmcyou86jr.site,12,3.4182958340544896,dga
ngbto206z8bc9ujrydjf.xyz,20,4.1219280948873624,dga
p75n05atkvt1hi7svxix4e.top,22,3.913977073182752,dga
bomili.org,6,2.2516291673878226,legit
6jv8kinzf0h68c7gaq9k.info,20,4.021928094887363,dga
dedi.net,4,1.5,legit
uasnj01sniioqygigk.site,18,3.5724312513221195,dga
deco.net,4,2.0,legit
c6ly5h6kmycga5hjzg.info,18,3.5032583347756456,dga
rq6v0qwfag5p5o1rg59y.info,20,3.784183719779189,dga
molibolula.net,10,2.6464393446710157,legit
delofidubo.net,10,2.9219280948873623,legit
u787z8msui2ms1z1yf5.site,19,3.5110854081804272,dga
64l6rvtdg6ik4kadl9n.info,19,3.5766176449086657,dga
licimilaca.com,10,2.2464393446710154,legit
g25pf9a0niwspfb4.xyz,16,3.75,dga
c7g23cp78zc9y.top,13,3.180832987205441,dga
0zgwxte1tofy4brucjplai7.info,23,4.436605434317883,dga
fdhjk1eyy37q9ah8rvhs1.info,21,3.9754180179138334,dga
mimibimebo.net,10,2.1709505944546685,legit
e2bywxyb5121f1q.top,15,3.1898980954642875,dga
lela.org,4,1.5,legit
bp0ix71ngtqf3cysyk.site,18,4.058813890331201,dga
bufe.info,4,2.0,legit
camucobeda.net,10,2.9219280948873623,legit
4rgly41tigue8.site,13,3.3927474104487847,dga
fola.org,4,2.0,legit
2y3xvuzi7n.xyz,10,3.3219280948873626,dga
27ppqlpo3lcr9rfm.site,16,3.452819531114783,dga
mkdmg29dffrcant4hpg5.top,20,3.9219280948873627,dga
dafoba.info,6,2.2516291673878226,legit
lilomidi.org,8,2.1556390622295662,legit
khogswevhxfcjl.top,14,3.6644977792004614,dga
ficucili.com,8,2.1556390622295662,legit
4nk0bpciki6.top,11,3.095795255000934,dga
rnjlkxho0vh44.info,13,3.3927474104487847,dga
dudubemuba.com,10,2.4464393446710155,legit
m444ngly98eji6je.top,16,3.452819531114783,dga
i1bcmd7nxyzfb.top,13,3.546593564294939,dga
comebe.com,6,2.2516291673878226,legit
kfs6vfptomjbcp4e30my.info,20,4.021928094887363,dga
snmpmkspzk1ia.info,13,3.0850551027564768,dga
7h75axg1gh61n8xv.site,16,3.375,dga
ru86gdw05rfni7ot9nhx.site,20,4.1219280948873624,dga
izaxd6ah7r7atiup4n.info,18,3.6835423624332306,dga
p9sbtn76mzsdp5yhp5.info,18,3.6835423624332306,dga
fafomema.com,8,2.25,legit
deludele.org,8,1.9056390622295665,legit
yq8ddgbdh0.info,10,2.8464393446710154,dga
fabalidi.net,8,2.5,legit
6xcng3louen5n.info,13,3.334679141051595,dga
mabo.com,4,2.0,legit
kz90wn0ruxgu688.site,15,3.506890595608519,dga
cobi.net,4,2.0,legit
difuculu.com,8,2.4056390622295662,legit
cufamulice.net,10,2.9219280948873623,legit
gixzd9mlccq9537662wnx6.top,22,3.970573095811685,dga
j254b2pmszdvag1059.site,18,3.94770277922009,dga
bomibude.info,8,2.75,legit
febuloda.com,8,3.0,legit
biledabemi.com,10,2.721928094887362,legit
lm28x9q4el0h9comjt.top,18,3.8365916681089787,dga
ledi.org,4,2.0,legit
aspb42099m0l7zyqxq.site,18,3.8365916681089787,dga
lubu.com,4,1.5,legit
dicofifo.info,8,2.25,legit
daba.com,4,1.5,legit
dolalulo.com,8,2.1556390622295662,legit
mnswil68uhw9408s1.top,17,3.7345216647797512,dga
lvn5yu3zk549speg.site,16,3.875,dga
ducomumo.org,8,2.25,legit
lumudebodu.net,10,2.6464393446710157,legit
fudidu.info,6,1.9182958340544896,legit
mocicomaci.com,10,2.2464393446710154,legit
x0wdss7e6mlgk8uu.info,16,3.75,dga
308oziwnz0032.top,13,3.0269868333592873,dga
madimicu.com,8,2.5,legit
t5jqpw90f508.info,12,3.2516291673878226,dga
hfiylhlqs3e3r.site,13,3.238901256602631,dga
folacicidi.info,10,2.6464393446710157,legit
lcks9o2trre5korw.top,16,3.452819531114783,dga
cefo.net,4,2.0,legit
ubhr50qj561.info,11,3.2776134368191157,dga
bofeba.net,6,2.2516291673878226,legit
milamamalo.net,10,2.1709505944546685,legit
fifobo.org,6,1.9182958340544896,legit
h13xa21j4wupdlrxndfl.site,20,3.9219280948873627,dga
falu.net,4,2.0,legit
bacamudi.net,8,2.75,legit
molibocobe.com,10,2.6464393446710157,legit
mibe.net,4,2.0,legit
ur1ljakekm5j.xyz,12,3.2516291673878226,dga
culola.com,6,2.2516291673878226,legit
j41feqoxfcyz7sdl5.info,17,3.9698157824268097,dga
bi8f6jio62sajzjc7w6e5.top,21,3.8442328987631917,dga
equa7ov77g1.xyz,11,3.0271691184406184,dga
dudubu.com,6,1.4591479170272448,legit
82w0q03iyoz9.xyz,12,3.4182958340544896,dga
liba.info,4,2.0,legit
cicocumedu.info,10,2.6464393446710157,legit
tfph90o7y22t1tdg.xyz,16,3.577819531114783,dga
lemo.info,4,2.0,legit
xy6weum25qlz1nku0or.xyz,19,4.142664355548848,dga
bobidifa.net,8,2.5,legit
becolabu.org,8,2.75,legit
pyqdrfjbgh3hgj.site,14,3.3787834934861753,dga
limada.net,6,2.2516291673878226,legit
debifido.com,8,2.5,legit
kuoem4uzgad555.top,14,3.3248629576173565,dga
cemeleco.net,8,2.1556390622295662,legit
c5blmeysnos7e3dx7a.top,18,3.8365916681089787,dga
rl163qr5dh5mkb70vj.site,18,3.94770277922009,dga
mimumu.net,6,1.4591479170272448,legit
n0gaib62e6l3ry8dqh75l2.top,22,4.186704345910025,dga
jhkdn7qo4vo1wy.info,14,3.6644977792004614,dga
di4arxip679wzkiv91.site,18,3.794653473544342,dga
5kle1tg2v8lmgont6.site,17,3.7345216647797512,dga
bhr5ex41q4h.xyz,11,3.095795255000934,dga
fedidulu.info,8,2.5,legit
f5g3ukskerxwfe.site,14,3.3787834934861753,dga
dadabididu.net,10,2.1219280948873624,legit
bida.com,4,2.0,legit
dibaca.info,6,2.2516291673878226,legit
cocicecebo.com,10,2.1219280948873624,legit
dyp4peh8drz5.info,12,3.2516291673878226,dga
cufefodu.org,8,2.5,legit
dafefale.com,8,2.25,legit
mica.info,4,2.0,legit
r5l6rzoid7148c6wzl3h.xyz,20,3.9219280948873627,dga
zcxz621hgjqhkx0vjp4nq.info,21,3.916126946588284,dga
lido.com,4,2.0,legit
lebulufefo.com,10,2.5219280948873624,legit
culo.net,4,2.0,legit
b0ze44e7iq88c.info,13,3.238901256602631,dga
lchc2iv72pmncsm1yvn.xyz,19,3.5766176449086657,dga
ioehhk5el8ukq.top,13,3.238901256602631,dga
tfzc67jh2l.top,10,3.3219280948873626,dga
3cfs3wtzl0pl.xyz,12,3.2516291673878226,dga
ficefa.com,6,2.2516291673878226,legit
luduma.info,6,2.2516291673878226,legit
domobalelu.info,10,2.9219280948873623,legit
fuculu.info,6,1.792481250360578,legit
9s9wwrom3zaql06g.xyz,16,3.75,dga
f4yt0rs676bogxp9.top,16,3.875,dga
bolofumu.com,8,2.5,legit
2jmzhd8dj0fyziag0.top,17,3.616874605956222,dga
kfzxav82gqzje7leiu.top,18,3.94770277922009,dga
cefilida.com,8,2.75,legit
vvgcew2021.xyz,10,2.9219280948873623,dga
gppd7oodg0v4gia9k.top,17,3.4548223999466057,dga
cifalo.org,6,2.584962500721156,legit
fufofodudi.net,10,2.2464393446710154,legit
mnucajvqlw3mdzy.site,15,3.773557262275186,dga
neu4l5gtcyfdvw.site,14,3.807354922057604,dga
mamobu.com,6,2.2516291673878226,legit
fuco.net,4,2.0,legit
lolifobe.net,8,2.5,legit
falafa.net,6,1.4591479170272448,legit
ivxx7xprnyfgihcmm2g.top,19,3.6818808028034025,dga
1p3zg7iagyy.info,11,3.095795255000934,dga
fifudo.net,6,2.2516291673878226,legit
culaci.org,6,2.2516291673878226,legit
j4m0fu21qaumu02d4635vw.info,22,3.8796640049025943,dga
hzama18wp7c2k7olexi6.info,20,4.1219280948873624,dga
mefe.com,4,1.5,legit
odrt98f98t9tgzct0fvrdie.info,23,3.6211755429194707,dga
bilomo.info,6,2.2516291673878226,legit
jcp23hb5crrytfdr.xyz,16,3.577819531114783,dga
cimilica.org,8,2.1556390622295662,legit
dql7ylk0iay0ze30lmw.xyz,19,3.6421498816369042,dga
fubicefefe.info,10,2.3709505944546687,legit
jls6cuy4c61.xyz,11,3.095795255000934,dga
iq9lvfowot.xyz,10,3.1219280948873624,dga
2cwi33rakw66nw7y6eljwv3.info,23,3.762267390651494,dga
fibi.net,4,1.5,legit
madu.info,4,2.0,legit
lememila.info,8,2.25,legit
kkugi3lz2a6z0ywzjire208.site,23,3.9690016298759927,dga
lode.org,4,2.0,legit
dububacela.net,10,2.721928094887362,legit
buca.com,4,2.0,legit
bacumifa.info,8,2.75,legit
bidi.org,4,1.5,legit
cubalo.org,6,2.584962500721156,legit
mitdyslriu0.xyz,11,3.2776134368191157,dga
2lnt9o7ouxp7i9bsaw.xyz,18,3.8365916681089787,dga
xqv6jtjbmqaexnupr00b2uy.top,23,4.001822825622231,dga
98juw0lzx3wsj580x.xyz,17,3.4992275471326924,dga
f8soffmjyygg.site,12,2.8553885422075336,dga
hl22all2ek.site,10,2.3709505944546687,dga
wx2h1e4076bkrisc.xyz,16,4.0,dga
bumi.org,4,2.0,legit
cebifidifo.info,10,2.6464393446710157,legit
wm7quhzojgfg373h8.site,17,3.616874605956222,dga
fufu.org,4,1.0,legit
9qcfh6tx8k.info,10,3.3219280948873626,dga
lulu.net,4,1.0,legit
jqip98q1zxoi65.site,14,3.521640636343318,dga
zdantniqsuh.info,11,3.2776134368191157,dga
t6h5300ww817vhl31xl9.info,20,3.7219280948873625,dga
ykm1qw65xdy1pp4c.xyz,16,3.625,dga
bafelede.net,8,2.4056390622295662,legit
bubo.net,4,1.5,legit
cocimuca.com,8,2.4056390622295662,legit
cosfogyr3xkxwnrek8pk3y.top,22,3.788754913993503,dga
2qrcij7sboxxstkt42s.info,19,3.6818808028034025,dga
pcdb6rop1hgp2fg7fuf9.top,20,3.746439344671016,dga
1reevv1rbfynu295.xyz,16,3.5,dga
licalema.com,8,2.5,legit
focecufo.org,8,2.25,legit
foceci.info,6,2.2516291673878226,legit
duboce.com,6,2.584962500721156,legit
v3wusxd7h2516c96e.site,17,3.9698157824268097,dga
daledudo.org,8,2.4056390622295662,legit
k1ogi6hzq9kun.top,13,3.546593564294939,dga
233nne06czzt4b2.site,15,3.3735572622751855,dga
9jllwzdylvnx.site,12,3.188721875540867,dga
bofabu.org,6,2.2516291673878226,legit
locafa.org,6,2.2516291673878226,legit
moba.com,4,2.0,legit
tiqyjrv0e7xe5tt0bbsu.info,20,3.784183719779189,dga
bimelicecu.info,10,2.721928094887362,legit
febe.org,4,1.5,legit
mucabi.com,6,2.584962500721156,legit
vuhf006j5ml3akh0q94gic1.site,23,4.229871195093384,dga
lili.net,4,1.0,legit
folafela.net,8,2.25,legit
h3rmb199hgyrcmtn.info,16,3.5,dga
p452bfsozptx497.site,15,3.640223928941852,dga
labiludo.info,8,2.75,legit
yfspefrjyj.site,10,2.721928094887362,dga
celilimeco.com,10,2.5219280948873624,legit
b522szkd2iz0iiwb9f54yd.info,22,3.6635327548042547,dga
k3aq6l6gt6mjxk87au5b.site,20,3.8841837197791893,dga
f82xrbpzr68jhw25p7xrz0j.site,23,3.795088586397732,dga
molo.info,4,1.5,legit
cixwbvyg1ww0wdppptf.info,19,3.5766176449086657,dga
cicemedubi.info,10,2.721928094887362,legit
rcfxnztfus3.info,11,3.2776134368191157,dga
lucolibi.net,8,2.5,legit
cilibo.info,6,2.2516291673878226,legit
r1yw3qn3t7zga6x9st.site,18,3.94770277922009,dga
6b66dzikd4ji.site,12,2.8553885422075336,dga
malicidu.net,8,2.75,legit
juf0yozv8c2rfkbt9h9.xyz,19,4.037401197654112,dga
medo.net,4,2.0,legit
bococifu.net,8,2.5,legit
libelubuli.net,10,2.2464393446710154,legit
cafocu.com,6,2.2516291673878226,legit
wngkdapzilfe4pj35k1r88p.xyz,23,4.1429146733542535,dga
mimufi.org,6,1.9182958340544896,legit
20plcl5ftw0a9p.info,14,3.3787834934861753,dga
mucobucolo.com,10,2.4464393446710155,legit
memudibu.net,8,2.5,legit
lefefimo.org,8,2.5,legit
bocafilo.com,8,2.75,legit
cemo.info,4,2.0,legit
skiubhdu94xju.info,13,3.334679141051595,dga
amb3zlaxrvy2evb.info,15,3.506890595608519,dga
rmbvukx7az0dem6jrfl2.xyz,20,4.1219280948873624,dga
lidalababe.net,10,2.4464393446710155,legit
cedibadamo.org,10,2.9219280948873623,legit
cidi.org,4,1.5,legit
kmw0448k1wya9m.site,14,3.2359263506290326,dga
bnh9avmmzk2q1z1jfwe7pi4.xyz,23,4.2626923908396215,dga
dabi.info,4,2.0,legit
fufefebi.net,8,2.1556390622295662,legit
o4a44rxrs4d8.info,12,2.7516291673878226,dga
fulemulu.net,8,2.1556390622295662,legit
goaahwm60b.info,10,3.1219280948873624,dga
fobe.org,4,2.0,legit
qh9fw1njz616vd2rxgdy1m.info,22,4.0614821867207755,dga
dudofulu.org,8,2.1556390622295662,legit
fefacefe.net,8,1.811278124459133,legit
h58b6pjs1awp.info,12,3.4182958340544896,dga
lebifi.info,6,2.2516291673878226,legit
b0e5en0yu2.site,10,2.9219280948873623,dga
belofu.net,6,2.584962500721156,legit
mufedilebi.info,10,2.9219280948873623,legit
a4aal095z8fe8b.xyz,14,3.3248629576173565,dga
zn1n5rusv9i5vdc.info,15,3.506890595608519,dga
1xxpu8weiup8.top,12,2.918295834054489,dga
br25ow9y1l.info,10,3.3219280948873626,dga
l3m3fqukhf.top,10,2.9219280948873623,dga
balofofo.info,8,2.1556390622295662,legit
vwejrbvy8kylhtucr0f5px2.site,23,4.2626923908396215,dga
cice.org,4,1.5,legit
adbtit7qldsyyr91150.site,19,3.826874881864638,dga
difebufoca.org,10,3.1219280948873624,legit
limecumoci.org,10,2.721928094887362,legit
bafufe.net,6,2.2516291673878226,legit
fidodebo.org,8,2.5,legit
bibubimifu.net,10,2.1709505944546685,legit
damofe.org,6,2.584962500721156,legit
fzk9kllwag8lwzkt2.xyz,17,3.29277019393699,dga
bshzxgujbf343ravc2u.site,19,3.9321380397593746,dga
celicume.com,8,2.5,legit
g6hshg5mmq7mw0skc95n4.site,21,3.7849418274376427,dga
g3bhk23a1mitkrfxqfxkd.info,21,3.880179922675738,dga
dudofa.org,6,2.2516291673878226,legit
7joaibivzgnnaobomq032e.top,22,3.8796640049025943,dga
bucabo.net,6,2.2516291673878226,legit
bimebalocu.net,10,3.1219280948873624,legit
f1rcaviqk2919ah.top,15,3.506890595608519,dga
56kleakf58lgmq70.site,16,3.625,dga
mecufu.org,6,2.2516291673878226,legit
awvannadbb9.top,11,2.6635327548042547,dga
cebuce.org,6,1.9182958340544896,legit
cufe.net,4,2.0,legit
doluli.info,6,2.2516291673878226,legit
1nriflvsxb8avt.info,14,3.6644977792004614,dga
ovsvcoz699.site,10,2.721928094887362,dga
femomofado.com,10,2.4464393446710155,legit
2iu1ulakq0f5vjci.info,16,3.75,dga
lici.info,4,1.5,legit
culoluli.net,8,2.1556390622295662,legit
cimila.info,6,2.2516291673878226,legit
1yhcb694yha9fsmxyfsdp9.info,22,3.7544418457133455,dga
h8p2yazqtfptn.site,13,3.3927474104487847,dga
ficicele.net,8,2.25,legit
comicebe.info,8,2.5,legit
e7ja4vufvrviyd2u.info,16,3.577819531114783,dga
2l6aflmqj8mhemluokzs06.info,22,3.936260027531527,dga
bkei67y1wiz9psh.xyz,15,3.773557262275186,dga
adwhee70kmpllb5hvfgzy0y.info,23,4.088779347361361,dga
5p4hcbso76kjggtv2.site,17,3.9698157824268097,dga
cicu.com,4,1.5,legit
bemeca.org,6,2.2516291673878226,legit
kjfmh05a6dx.site,11,3.4594316186372973,dga
np6f13tkmp1lpts2mr4fxzy.site,23,3.9690016298759927,dga
bediduci.org,8,2.5,legit
k17mfbgncia.xyz,11,3.4594316186372973,dga
p65rml0caxvxvag46.site,17,3.616874605956222,dga
s27woc36v12310x5.site,16,3.625,dga
lele.com,4,1.0,legit
lebo.net,4,2.0,legit
nt3pxxk71ehjimm8.info,16,3.75,dga
uq98dyttiacyl65.top,15,3.640223928941852,dga
bicocali.com,8,2.5,legit
xoean5f3dx90.site,12,3.4182958340544896,dga
xczgv6er988fd.top,13,3.546593564294939,dga
avn3uo9eysn7ng9.xyz,15,3.456564762130954,dga
mude.org,4,2.0,legit
cicodumece.net,10,2.6464393446710157,legit
fulacalefe.info,10,2.5219280948873624,legit
becafici.net,8,2.5,legit
cofubelafi.org,10,3.1219280948873624,legit
6rz4ikxtnux.site,11,3.2776134368191157,dga
mucibi.net,6,2.2516291673878226,legit
fucomufi.com,8,2.5,legit
cabi.org,4,2.0,legit
boceme.net,6,2.2516291673878226,legit
goayadyhoc8e.xyz,12,3.084962500721156,dga
lf8gij51rw3p7.site,13,3.7004397181410926,dga
lolufofa.info,8,2.25,legit
phj2gciy4y4kbx.site,14,3.521640636343318,dga
fumuma.com,6,1.9182958340544896,legit
damoma.org,6,1.9182958340544896,legit
gpelxejpfeaavej3vghdi.top,21,3.535174565635903,dga
delilafa.net,8,2.5,legit
mebude.net,6,2.2516291673878226,legit
c7n19lgsts77.site,12,3.0220552088742005,dga
ulzus5puyrzxhm8l9b3n2s.top,22,3.970573095811685,dga
dumumofa.org,8,2.5,legit
gk23u0h8wn2t3qh.xyz,15,3.506890595608519,dga
dumulifumi.net,10,2.4464393446710155,legit
vk3qlavsml.top,10,2.9219280948873623,dga
lucu.org,4,1.5,legit
doce.com,4,2.0,legit
bodi.net,4,2.0,legit
6qw042lpicdit.site,13,3.546593564294939,dga
ywg3zlsc0syy8pq1b.info,17,3.6901165175936645,dga
midubafife.com,10,2.9219280948873623,legit
coma.org,4,2.0,legit
lafacadi.com,8,2.4056390622295662,legit
cali.org,4,2.0,legit
lodidufi.org,8,2.5,legit
2w4x5t5u8mok.xyz,12,3.4182958340544896,dga
emq539r60mrd.top,12,3.2516291673878226,dga
dilo.info,4,2.0,legit
fule.info,4,2.0,legit
5l7cvfjj50yp2knwdqh.xyz,19,4.037401197654112,dga
8y3umpyo0cu4.site,12,3.2516291673878226,dga
dolobuce.org,8,2.75,legit
mn8z1hongwulazuayn3.xyz,19,3.6818808028034025,dga
cecumada.com,8,2.5,legit
l0vsdgzvwod.site,11,3.095795255000934,dga
qb51izn2t8tvo60j8u.site,18,3.94770277922009,dga
llm5lsbtklzmeje.top,15,3.106890595608519,dga
znnuwzrpsoy4bp.site,14,3.3787834934861753,dga
milodabele.org,10,2.9219280948873623,legit
mnjv6r7z7m1c39s83csvb0e.site,23,4.001822825622231,dga
cuma.net,4,2.0,legit
qgady20k05yw8yg4ok2ecsb.xyz,23,3.9690016298759927,dga
lumade.info,6,2.584962500721156,legit
akfrzwzzm7aef.xyz,13,3.0269868333592873,dga
bibomo.info,6,1.9182958340544896,legit
kqful8v4lvykkzoov7xg.site,20,3.6464393446710157,dga
c5bdfute0x.top,10,3.3219280948873626,dga
g4evrurqtm.info,10,3.1219280948873624,dga
difami.net,6,2.2516291673878226,legit
7fnkrj1925q.xyz,11,3.4594316186372973,dga
jlxhkb5ntzxqubbvb4cj0.top,21,3.820888851350189,dga
fidubufufe.net,10,2.3709505944546687,legit
y1uxi7ogza83ujso.xyz,16,3.75,dga
miladafebe.info,10,2.9219280948873623,legit
buoes30v8y49avvuw.info,17,3.6901165175936645,dga
h0595iuz6yihgbijw6ap.xyz,20,3.784183719779189,dga
xqyxgo4b9uoe3t0h.info,16,3.75,dga
focafudibe.org,10,3.1219280948873624,legit
lalafabade.net,10,2.321928094887362,legit
lufefuba.com,8,2.5,legit
it2ur0fm2n057xd6ket6z.info,21,4.011365041826379,dga
zycmvo84w6tk9lsg4.top,17,3.9698157824268097,dga
y176jdtu4i.top,10,3.3219280948873626,dga
csmnl03lqryoh2kr21p.info,19,3.9321380397593746,dga
fr21520rn6hw1hs57tco.info,20,3.8219280948873626,dga
mabolebu.net,8,2.75,legit
hpz5tlyf3yr2xahhfh56ob.site,22,3.823067982273661,dga
bubomomuca.org,10,2.5219280948873624,legit
budubolo.com,8,2.25,legit
fidolo.info,6,2.2516291673878226,legit
1uqkerdyyvdqql2e5mzl5.top,21,3.6897037321995474,dga
cadomubi.com,8,3.0,legit
dudi.info,4,1.5,legit
qa7oco2pza1der88.top,16,3.625,dga
dimobi.info,6,2.2516291673878226,legit
mimilice.info,8,2.1556390622295662,legit
7dms2zts3k1sd7.top,14,3.1820058147602133,dga
felomide.info,8,2.75,legit
fafe.info,4,1.5,legit
bufica.org,6,2.584962500721156,legit
icct5hgp8iy3x80j0g50rcx.xyz,23,3.6753108689123635,dga
3hwt3mqsncvo56.top,14,3.6644977792004614,dga
o26x2a8ldbq8c04.site,15,3.640223928941852,dga
lulefe.com,6,1.9182958340544896,legit
dumumu.com,6,1.4591479170272448,legit
domale.com,6,2.584962500721156,legit
lemebe.com,6,1.792481250360578,legit
y4r1f1xl11fc6.info,13,2.931208948910323,dga
filubabama.com,10,2.6464393446710157,legit
pxzydwvga3zibh7rpx2460.xyz,22,4.186704345910025,dga
gnrlqgi7yvr4nkao.top,16,3.625,dga
dumibeme.info,8,2.5,legit
2uwdak0dfuhv.site,12,3.2516291673878226,dga
wd15ykxhvp8hst4sqnaznt6.top,23,4.1757358691004915,dga
lebidemudi.com,10,2.721928094887362,legit
dodeca.net,6,2.2516291673878226,legit
brwmftoo5xcr5namzh.top,18,3.7254805569978675,dga
nojrhmw53a7om.info,13,3.3927474104487847,dga
lamaduba.org,8,2.4056390622295662,legit
ev75nyzi2fnw6z.site,14,3.521640636343318,dga
ig648ugow9o3rd3251ekb9.top,22,4.095795255000934,dga
274pu7uyzszth1inslhj.xyz,20,3.8219280948873626,dga
1athpq7ld7qpgu.info,14,3.3787834934861753,dga
fada.com,4,1.5,legit
l57y9hqq2n.site,10,3.1219280948873624,dga
cduftawsz6muzwigv.site,17,3.7345216647797512,dga
ficolilemu.com,10,2.9219280948873623,legit
9uahvvzblm.xyz,10,3.1219280948873624,dga
ledilu.info,6,2.2516291673878226,legit
ub56y2nxjeyk.xyz,12,3.4182958340544896,dga
fofomodida.info,10,2.4464393446710155,legit
a0g7g2wosqmcbfdnh.info,17,3.9698157824268097,dga
i9p7j3fbfl.xyz,10,3.1219280948873624,dga
t5jqhg1ucmsr.xyz,12,3.584962500721156,dga
fimu.com,4,2.0,legit
8a54ta1soa9xm091zpkyy.info,21,3.880179922675738,dga
lilu.org,4,1.5,legit
g3unv8t0qcxhcm98ai5naqj.top,23,4.088779347361361,dga
bofa.org,4,2.0,legit
bedalifeci.net,10,2.9219280948873623,legit
bocemado.net,8,2.75,legit
cufe.info,4,2.0,legit
s4il6fjax3yu2.site,13,3.7004397181410926,dga
befi.com,4,2.0,legit
aedoecve6pr5n.info,13,3.334679141051595,dga
vk82wu9ux01up8ny9.info,17,3.572469458770135,dga
fabe.org,4,2.0,legit
r9x6ykmqvmuqzhs2b26z.site,20,3.8219280948873626,dga
dumafi.com,6,2.584962500721156,legit
cjdkql7zbsfn244ko.xyz,17,3.85216872360328,dga
egqo3sq3dg.info,10,2.721928094887362,dga
fuludulo.org,8,2.1556390622295662,legit
midolu.com,6,2.584962500721156,legit
cumo.info,4,2.0,legit
04bvxhtp55znz1pspkvkuy.top,22,3.8796640049025943,dga
babedi.net,6,2.2516291673878226,legit
deda.org,4,1.5,legit
7jaxay8jfklowu.site,14,3.521640636343318,dga
bele.net,4,1.5,legit
bamolemumo.org,10,2.6464393446710157,legit
xp2s2o8pt4mx23sy670km.info,21,3.7849418274376427,dga
lilide.org,6,1.9182958340544896,legit
bebibufu.org,8,2.1556390622295662,legit
4kbjxjfpea0j.info,12,3.188721875540867,dga
iogrp91ymjj4al05i78u.top,20,4.1219280948873624,dga
8gi5ou9w2mbywiqc529s85.info,22,3.788754913993503,dga
j8nermx6k0j.top,11,3.2776134368191157,dga
mumucimefa.net,10,2.6464393446710157,legit
bubucofi.com,8,2.5,legit
imv03julf5vluda2rnkk5.xyz,21,3.916126946588284,dga
lamuma.com,6,1.9182958340544896,legit
lilu.net,4,1.5,legit
yxu1pcm8sjupdr.site,14,3.521640636343318,dga
madeculobo.net,10,3.1219280948873624,legit
bedamufibo.com,10,3.1219280948873624,legit
mebomima.net,8,2.4056390622295662,legit
colu.com,4,2.0,legit
hnxks265gjxvihm20ap4v.info,21,4.011365041826379,dga
mocucofela.info,10,2.9219280948873623,legit
dafolabace.net,10,2.8464393446710154,legit
bmnqsxbu1yu99mn6.site,16,3.375,dga
11k5dwgeu4sj.xyz,12,3.4182958340544896,dga
abdarat2ykgdxnm1xer0.site,20,3.784183719779189,dga
pg4pvdv7pe2g2hfdcyu.site,19,3.5766176449086657,dga
fofe.info,4,1.5,legit
2vzuidhjp5zme43tx.site,17,3.9698157824268097,dga
mabebofumu.com,10,2.721928094887362,legit
bomucimu.org,8,2.5,legit
3a5z1dt1qh26x.xyz,13,3.546593564294939,dga
difefaco.org,8,2.75,legit
mecila.org,6,2.584962500721156,legit
vrhx1z2yvl55x7rf1f.xyz,18,3.5032583347756456,dga
qsrz12jdgd9ir.xyz,13,3.3927474104487847,dga
bodo.net,4,1.5,legit
71ap5jg6ydd.info,11,3.2776134368191157,dga
lumumibo.info,8,2.5,legit
ciludibeda.org,10,2.9219280948873623,legit
lobu.org,4,2.0,legit
x9m109ms9jy8zky3a7o.top,19,3.787143960698139,dga
a9c7ibph3dl0mqrrnu.top,18,4.058813890331201,dga
locamame.com,8,2.5,legit
ylqv75aflasjtkxn0b.xyz,18,3.94770277922009,dga
lecu.com,4,2.0,legit
momi.net,4,1.5,legit
nchkdpbjxib.xyz,11,3.2776134368191157,dga
d8r8hbcg8sg60ja.top,15,3.456564762130954,dga
cicedadume.net,10,2.721928094887362,legit
cadefo.com,6,2.584962500721156,legit
fxkha7135h.top,10,3.1219280948873624,dga
bemudu.info,6,2.2516291673878226,legit
loda.net,4,2.0,legit
foco.com,4,1.5,legit
feca.net,4,2.0,legit
fudebuladu.com,10,2.6464393446710157,legit
043uitaeq9tned.info,14,3.521640636343318,dga
lofabe.com,6,2.584962500721156,legit
68r63ruwhpv83i5.info,15,3.3735572622751855,dga
lima.info,4,2.0,legit
cadicabemo.info,10,2.9219280948873623,legit
m1vzuh8iunclv.top,13,3.3927474104487847,dga
biuyjzxa1ljlng.site,14,3.521640636343318,dga
budolaledo.com,10,2.721928094887362,legit
va4mlgt1qrmzwgy4mpucvw.xyz,22,3.8796640049025943,dga
bolicecu.info,8,2.75,legit
bidulo.com,6,2.584962500721156,legit
mucidecafa.com,10,2.9219280948873623,legit
memacidu.net,8,2.75,legit
le3nm2nlbulljn0kg1u.top,19,3.471354487013929,dga
mudo.net,4,2.0,legit
5uwbq4y8g1w5byc5f4.info,18,3.4613201402110083,dga
cifacola.info,8,2.5,legit
dz7mzimuor8r61r2c6kho70.info,23,3.8820451081368623,dga
xxv6azeoi5mcnt1fvyl.info,19,4.037401197654112,dga
kdjccvpz0iexm08bav34ub.xyz,22,4.095795255000934,dga
codafe.net,6,2.584962500721156,legit
exqp5m3gitazvyv2v1itum4.site,23,4.0559581516151235,dga
3nvjuuwzix69.xyz,12,3.4182958340544896,dga
colibucoco.org,10,2.3709505944546687,legit
24eh1rjfuilyw.top,13,3.7004397181410926,dga
6tzd8h4qbcv0q.info,13,3.546593564294939,dga
sn5u4w9rsh8yzwjscs.info,18,3.614369445886757,dga
q49160in3yda67rt3qb6o.top,21,3.9754180179138334,dga
cufaca.info,6,1.9182958340544896,legit
bibofalelu.org,10,2.9219280948873623,legit
ducicoli.com,8,2.5,legit
a8mmsst2bt6756var3bka.top,21,3.6897037321995474,dga
bulileda.com,8,2.75,legit
lilabula.info,8,2.1556390622295662,legit
bace.org,4,2.0,legit
docudedi.com,8,2.4056390622295662,legit
5bv1l0b7uyqfh.info,13,3.546593564294939,dga
duca.info,4,2.0,legit
oghexc8mvmvqt.site,13,3.3927474104487847,dga
lofodu.com,6,2.2516291673878226,legit
femoma.org,6,2.2516291673878226,legit
4yycryvx610viwq9.site,16,3.577819531114783,dga
hzcyy9w3qz4by2we1h.site,18,3.5724312513221195,dga
cabebabi.com,8,2.1556390622295662,legit
vfys1nnpv0imdm3tqb6.info,19,3.9321380397593746,dga
5tmzlhmbb1.info,10,2.9219280948873623,dga
e05itpqj1ye24.site,13,3.546593564294939,dga
cicibebu.org,8,2.25,legit
focice.org,6,2.2516291673878226,legit
8i4p40mgg1w103dgdz.top,18,3.4613201402110083,dga
4o2ibp5yo96jhrx7qgr.site,19,4.037401197654112,dga
1qvdbchd89v4ob8.site,15,3.3735572622751855,dga
thbn75uj84ic.xyz,12,3.584962500721156,dga
gvicw8vl34lie3csmcmcu.info,21,3.535174565635903,dga
wdt1di102zvk3k9twn5qxb.top,22,4.004886164091843,dga
lidu.info,4,2.0,legit
fecife.net,6,1.9182958340544896,legit
i72u6w3w130.info,11,3.095795255000934,dga
dulima.net,6,2.584962500721156,legit
mefadelefu.net,10,2.6464393446710157,legit
didolali.org,8,2.25,legit
cew6gstfs2yzb4k8oiz8.site,20,4.021928094887363,dga
mameli.org,6,2.2516291673878226,legit
ecmcno5awfx6kznj8as.top,19,3.9321380397593746,dga
dumafafa.com,8,2.1556390622295662,legit
sloqlv9plmblqgbiyhv.site,19,3.5110854081804272,dga
re01uummd55cr0hh.info,16,3.25,dga
mocime.org,6,2.2516291673878226,legit
599vhcupt81scgd.site,15,3.640223928941852,dga
worxq4kko77mc.xyz,13,3.238901256602631,dga
jijsyqobntjaqx6.site,15,3.456564762130954,dga
iajix5abdezov0rd3knir4.xyz,22,3.970573095811685,dga
j4lietlu3m.xyz,10,3.1219280948873624,dga
dumaladace.net,10,2.6464393446710157,legit
decibamo.info,8,3.0,legit
ys3jkv0zefkvouu.site,15,3.506890595608519,dga
celefome.com,8,2.4056390622295662,legit
licelibodu.net,10,2.9219280948873623,legit
dimu.org,4,2.0,legit
c35dwa3vtwgawl.xyz,14,3.1820058147602133,dga
i53i67hn34ck9xh0hhxs.xyz,20,3.6219280948873624,dga
fede.info,4,1.5,legit
urybl2oqewfs668fr.top,17,3.7345216647797512,dga
5ovct20ok8nhvi8bbyfvw.info,21,3.880179922675738,dga
z9ax3dlp44f8qpaglkbx.top,20,3.8219280948873626,dga
tmquzyofeo.site,10,3.1219280948873624,dga
9f6lz6mjobmw7j77d8x8o7.site,22,3.641249800455479,dga
cumolu.com,6,2.2516291673878226,legit
igyu6y0przvs2ii06t9u9n.site,22,3.788754913993503,dga
cadumu.net,6,2.2516291673878226,legit
cufuli.com,6,2.2516291673878226,legit
nej0g1okr797v2.site,14,3.6644977792004614,dga
lumafofu.info,8,2.5,legit
fumodemo.org,8,2.5,legit
bali.info,4,2.0,legit
didodoci.com,8,1.9056390622295665,legit
377v1iv5wmkzbooinb6khxc.top,23,4.001822825622231,dga
6qpajhfyz2oiasv3v.info,17,3.85216872360328,dga
zd6szo4xyeur4cxuqelexf.info,22,3.7544418457133455,dga
lemufa.org,6,2.584962500721156,legit
dubulebu.org,8,2.1556390622295662,legit
mibo.info,4,2.0,legit
cafe.org,4,2.0,legit
becu.com,4,2.0,legit
11gq9zi8cxz8iaf4xpa200.info,22,3.823067982273661,dga
bidacabuca.com,10,2.4464393446710155,legit
dacumaco.com,8,2.5,legit
mamafufefu.org,10,2.2464393446710154,legit
fola.com,4,2.0,legit
0b58st4pzt3edk204.xyz,17,3.7345216647797512,dga
sn7waauo3lmr.top,12,3.4182958340544896,dga
mufima.com,6,2.2516291673878226,legit
m4gv2tfkg9l.site,11,3.2776134368191157,dga
comodu.net,6,2.2516291673878226,legit
cudubomufa.net,10,2.8464393446710154,legit
g54uopgly0edqh.site,14,3.6644977792004614,dga
bofime.org,6,2.584962500721156,legit
yiak7hkm2h.info,10,2.9219280948873623,dga
fucumofa.org,8,2.5,legit
b0kxqm6r7b5ukdptq2.top,18,3.8365916681089787,dga
irfee60ba8jgzm.xyz,14,3.6644977792004614,dga
calubalolo.info,10,2.4464393446710155,legit
libomofubi.org,10,2.721928094887362,legit
0lklfyp5jo3q3qa.xyz,15,3.506890595608519,dga
nr20qd58xhu814pr.xyz,16,3.75,dga
jpi5m383cya8vt8f914qy.xyz,21,3.9754180179138334,dga
fziph6h77q5fphuvyp1njgl.site,23,3.936180434129755,dga
mefobi.net,6,2.584962500721156,legit
6u5xf2edvd7dxtfq.site,16,3.452819531114783,dga
mabibumimi.net,10,2.1709505944546685,legit
febocubi.info,8,2.75,legit
lufo.info,4,2.0,legit
8v3lgy000mboi6f0bu.info,18,3.614369445886757,dga
mefiducu.info,8,2.75,legit
isdwe0ywqugjlqtqe64saj.site,22,3.8796640049025943,dga
xobugvjics4.xyz,11,3.4594316186372973,dga
km4eo593yu.info,10,3.3219280948873626,dga
w9o99lf51q8qz4mu2qijnn.top,22,3.936260027531527,dga
lmglosj1z9d0b94jzh30b.site,21,3.8208888513501886,dga
06g6jby4cskj3.info,13,3.3927474104487847,dga
facada.info,6,1.792481250360578,legit
lrin9o2k7ppgjh95bzknl.top,21,3.916126946588284,dga
dibe.org,4,2.0,legit
fq8pc4r8ka5n0vgf6o.site,18,3.94770277922009,dga
mubocofa.info,8,2.75,legit
qsf1timgywrshm3l3.site,17,3.7345216647797512,dga
deboleboca.com,10,2.721928094887362,legit
demalolulu.net,10,2.6464393446710157,legit
svh3ejoz9xfzaq8h3.site,17,3.7345216647797512,dga
y9i4vf5v87eqrrs6ouupm.xyz,21,4.106603137064474,dga
tsqtc21zmtmo0watyk.info,18,3.614369445886757,dga
bulo.info,4,2.0,legit
colemidubi.org,10,3.1219280948873624,legit
lrzjzczvpd4rxbvttr5go.xyz,21,3.7489948035250964,dga
l254ukkwjb0.info,11,3.2776134368191157,dga
fadulefafe.org,10,2.4464393446710155,legit
vkgnj6om9789h03ehib4.info,20,4.1219280948873624,dga
becebo.info,6,1.9182958340544896,legit
vvd22rdzx2vwfxzknlac.info,20,3.5464393446710156,dga
lefefemedo.com,10,2.321928094887362,legit
mifamo.com,6,2.2516291673878226,legit
lifeme.org,6,2.2516291673878226,legit
3lux7454rzc.top,11,3.2776134368191157,dga
hwzi450pbsr6.info,12,3.584962500721156,dga
wex6xbexmae2of15gu1.site,19,3.6421498816369042,dga
r9a7mfp059.xyz,10,3.1219280948873624,dga
focilibelu.info,10,2.9219280948873623,legit
x9da9whsbp1z.info,12,3.4182958340544896,dga
cemi.net,4,2.0,legit
b56hep2u0muohuogp0myo.xyz,21,3.558518613048906,dga
jwtv3n74w4g22uetc.top,17,3.616874605956222,dga
mibadolu.net,8,3.0,legit
mms2lell6hyc1r9qikq.site,19,3.787143960698139,dga
k81ys1sgfgfb0g58g26.xyz,19,3.4058222502856905,dga
lelibi.info,6,1.9182958340544896,legit
camifimome.net,10,2.6464393446710157,legit
dimeboci.com,8,2.75,legit
gpd3ovfdsx7r.site,12,3.4182958340544896,dga
bami.com,4,2.0,legit
cedaca.net,6,1.9182958340544896,legit
dtyguj0uqyhdmpp566yh.xyz,20,3.584183719779189,dga
e9nivp8h4nouwr61rdex.top,20,4.021928094887363,dga
y4qj71as2yu7cg8w.xyz,16,3.75,dga
mubolececa.info,10,2.9219280948873623,legit
milucida.net,8,2.75,legit
nuo46dg6gw14msry5f4.top,19,3.787143960698139,dga
m7mfjizaba.top,10,2.9219280948873623,dga
delimama.com,8,2.5,legit
qkn99uzwl5fvw.top,13,3.3927474104487847,dga
2784dv8sey7dyemqxz.site,18,3.614369445886757,dga
mudicocofi.com,10,2.721928094887362,legit
gewovwaugrniggt.xyz,15,3.240223928941852,dga
dacila.org,6,2.2516291673878226,legit
jsyibmxwyeanwi5bgo3hjrm.site,23,4.001822825622231,dga
bibicubame.com,10,2.6464393446710157,legit
docacula.com,8,2.5,legit
fudufalefa.info,10,2.4464393446710155,legit
4gtvjfg9kn5pfj.site,14,3.3787834934861753,dga
3j6iuukztv.site,10,3.1219280948873624,dga
3pgyiuizus1z8ew5bolp.info,20,3.9219280948873627,dga
83b94jyq0nllxf5tjlsaqnl.top,23,3.9148663038831,dga
kbxsjjhylyuqymm.top,15,3.323231428797621,dga
knoonr06ba4ilaoqt.xyz,17,3.572469458770135,dga
8vugc5tbgogfg36ygb.info,18,3.4138338639736006,dga
bebemaco.info,8,2.5,legit
muci.com,4,2.0,legit
lobibudeda.net,10,2.9219280948873623,legit
dudilufo.net,8,2.5,legit
lilecifabo.org,10,2.9219280948873623,legit
0a00yrm5qazc2.info,13,3.180832987205441,dga
defede.com,6,1.4591479170272448,legit
7l4i3uxycugwak04vv.site,18,3.8365916681089787,dga
lificicu.info,8,2.1556390622295662,legit
lubo.net,4,2.0,legit
fecucu.org,6,1.9182958340544896,legit
4e8tdv8a4364v.xyz,13,3.0269868333592873,dga
3fhido8h94zid7l8oipd6.top,21,3.6537567082870015,dga
dulu.info,4,1.5,legit
fidu.org,4,2.0,legit
jkjld0tt2slhimaqa3558a.site,22,3.8796640049025943,dga
y6gu58flm639bc.info,14,3.6644977792004614,dga
bibedafuli.info,10,2.9219280948873623,legit
9lyatf9axie3xv6uh353sf.info,22,3.8796640049025943,dga
kkbglsh8zkear.site,13,3.334679141051595,dga
2ru5ng7n58req61cu.xyz,17,3.616874605956222,dga
dobulifodo.org,10,2.6464393446710157,legit
felulebu.com,8,2.25,legit
6x5z0zxy5te0ch.info,14,3.2359263506290326,dga
calodedifu.net,10,3.1219280948873624,legit
kvuankwae5ny.info,12,3.084962500721156,dga
filife.net,6,1.9182958340544896,legit
camo.com,4,2.0,legit
fomimelifo.org,10,2.5219280948873624,legit
u5sqoamth6eh44kdm7vp.xyz,20,4.021928094887363,dga
j8xypjvgsb6tm.top,13,3.546593564294939,dga
bece.com,4,1.5,legit
lubkanx3fpt.info,11,3.4594316186372973,dga
felu.info,4,2.0,legit
epwukfv2aqnpew.info,14,3.3787834934861753,dga
lemece.info,6,1.792481250360578,legit
a0r0l93imlys95ctt593ob.info,22,3.788754913993503,dga
dufacifuci.org,10,2.5219280948873624,legit
medufecumi.org,10,2.721928094887362,legit
v9ilc15niof7j2e18f.info,18,3.8365916681089787,dga
cicobu.com,6,2.2516291673878226,legit
oejan63xd45ba890ab7r8.top,21,3.9754180179138334,dga
mft8lud8bdtymw8d167l.site,20,3.5464393446710156,dga
15g41yuhilhxdcerg98rig.info,22,3.8796640049025943,dga
5ta1wadqiws69jfr.info,16,3.75,dga
bubulila.info,8,2.25,legit
5mubjd8blg.site,10,3.1219280948873624,dga
nnqfkpl9eka024s.info,15,3.640223928941852,dga
7ypsz3phaa77fhqhzabfy.xyz,21,3.3320953986601696,dga
bd5rgnkrxp9ed4tgjjr.info,19,3.6818808028034025,dga
dabo.info,4,2.0,legit
1dqa13kdd37sn0hsj.xyz,17,3.4548223999466057,dga
celume.com,6,2.2516291673878226,legit
fimo.net,4,2.0,legit
bafobudi.com,8,2.75,legit
lacu.net,4,2.0,legit
irrqahlj2xlqp.xyz,13,3.238901256602631,dga
modami.org,6,2.2516291673878226,legit
deducufo.net,8,2.5,legit
owl3e74ubz45ygc1xka.top,19,4.142664355548848,dga
meci.info,4,2.0,legit
2sq8x3a6ylbxpue.site,15,3.773557262275186,dga
lnlfqg18bazhak43z5tx.xyz,20,4.021928094887363,dga
lumidicifa.com,10,2.8464393446710154,legit
melimifoma.com,10,2.6464393446710157,legit
cilelodoli.org,10,2.4464393446710155,legit
7drfseud30l7m20jdxorr.xyz,21,3.7489948035250964,dga
feloci.net,6,2.584962500721156,legit
filimemame.info,10,2.4464393446710155,legit
fibu.com,4,2.0,legit
26j1fo2wb0dz6xpyf.info,17,3.7345216647797512,dga
om9vpis3lx.top,10,3.3219280948873626,dga
5jn7bs08i4w02bsmeb.info,18,3.6835423624332306,dga
bodubodo.com,8,1.9056390622295665,legit
4gr2iqyocf8yq.xyz,13,3.3927474104487847,dga
nmsk8agn64xl2glwy1n6o.top,21,3.880179922675738,dga
babufo.net,6,2.2516291673878226,legit
micamofa.com,8,2.5,legit
calicace.info,8,2.1556390622295662,legit
bobeba.org,6,1.792481250360578,legit
9vq553kwki.info,10,2.9219280948873623,dga
lifidafu.net,8,2.5,legit
cg7tbtnummsr8u2hr.xyz,17,3.616874605956222,dga
dolobebico.net,10,2.6464393446710157,legit
lalumadobe.org,10,2.9219280948873623,legit
coss3eoqm1h8o.top,13,3.180832987205441,dga
jt10uen0rsk.xyz,11,3.2776134368191157,dga
f78z1tzn1vyh9pmu5q93.site,20,4.021928094887363,dga
mucecibebu.net,10,2.5219280948873624,legit
culucu.com,6,1.4591479170272448,legit
7a2i2gcnm08kynwnmaxxbt.top,22,3.8796640049025943,dga
nlakpwecjxvwdh.xyz,14,3.6644977792004614,dga
comodofumo.org,10,2.321928094887362,legit
08eg92ionnxgcq.site,14,3.521640636343318,dga
1jsty4cq0lk.site,11,3.4594316186372973,dga
l3q4q2ih5cxsz0i2x6uxf.top,21,3.880179922675738,dga
fafifice.info,8,2.1556390622295662,legit
ladudo.info,6,2.2516291673878226,legit
coloducaca.net,10,2.4464393446710155,legit
bulefebimi.info,10,2.721928094887362,legit
budobocodi.info,10,2.4464393446710155,legit
owtsiy7pgu7mx3gj10ffd1i.site,23,4.088779347361361,dga
estd3zjetocsen.site,14,3.1820058147602133,dga
0go3jma6g5jetp.info,14,3.521640636343318,dga
t7a9tgiqhg9jrsnvnq65qd.top,22,3.8796640049025943,dga
zuuw5wglq41raady72v707.top,22,3.970573095811685,dga
95py8iyhgznnhsl.info,15,3.506890595608519,dga
fomocilo.info,8,2.4056390622295662,legit
fode.org,4,2.0,legit
kzmwedcqyl53zu.xyz,14,3.6644977792004614,dga
ur73a70h0jjgggs8w0qy54c.info,23,3.936180434129755,dga
cocami.org,6,2.2516291673878226,legit
lnbn76v18hfp.info,12,3.4182958340544896,dga
uhg7ecilcmg5mgcy57qd.xyz,20,3.5464393446710156,dga
fwko9alm1kgkew.site,14,3.3248629576173565,dga
cibocimi.info,8,2.1556390622295662,legit
9xa4kwg49zn4y.info,13,3.180832987205441,dga
dqyun3uvyr0qf4b8dwoec.info,21,4.011365041826379,dga
limo.net,4,2.0,legit
pnej5gajt9.info,10,3.1219280948873624,dga
qx22zacsb7.top,10,3.1219280948873624,dga
i7blmmdpc3dxmrx.site,15,3.323231428797621,dga
kqguyivlu4evb.site,13,3.3927474104487847,dga
zbmxz2oi460kp7s5e1.site,18,4.058813890331201,dga
0op3klorgapt1y2nogf0.xyz,20,3.784183719779189,dga
dpf1h3dtlhaiak5w77qkxi.info,22,3.913977073182752,dga
tu16btr3mgq4ys1fo09.site,19,4.037401197654112,dga
cocafo.com,6,1.9182958340544896,legit
calele.info,6,1.9182958340544896,legit
ijf68pqu8hlat84.info,15,3.589898095464288,dga
zll1zbm21yannreg8lxum.site,21,3.7849418274376427,dga
comaficada.com,10,2.6464393446710157,legit
cilolofo.info,8,2.1556390622295662,legit
momofi.info,6,1.9182958340544896,legit
fido.com,4,2.0,legit
fucadomide.com,10,3.1219280948873624,legit
buficibolo.com,10,2.721928094887362,legit
bobodufi.com,8,2.5,legit
cubu.org,4,1.5,legit
yf07ofpxanbx94ihdwxis3.top,22,4.0614821867207755,dga
fuli.org,4,2.0,legit
ladu.info,4,2.0,legit
famu.net,4,2.0,legit
fococeca.com,8,2.1556390622295662,legit
3ybpibfi1w37.info,12,3.084962500721156,dga
madema.org,6,1.9182958340544896,legit
edhy6mefmvbdey.top,14,3.0391486719030705,dga
c7e3kzj7k09lst7ubb3j76v.site,23,3.8279097821439696,dga
balufa.org,6,2.2516291673878226,legit
delobeme.net,8,2.4056390622295662,legit
cudicafudi.org,10,2.5219280948873624,legit
63rmaj2ezp7v53.top,14,3.6644977792004614,dga
bedu.info,4,2.0,legit
lodumafa.org,8,2.75,legit
fubulecafi.info,10,2.9219280948873623,legit
yww7nssvzzkkxjh55du0y.site,21,3.8208888513501886,dga
bubofica.info,8,2.75,legit
50n1i6gqqr3h.xyz,12,3.4182958340544896,dga
lamifebiba.org,10,2.721928094887362,legit
avpns2bq5t4yt8sux.top,17,3.85216872360328,dga
asfkg9i9vg9h0eluw.site,17,3.6901165175936645,dga
ieu0jjtm9f2pu8q97sbieu.xyz,22,3.8796640049025943,dga
xn3i0dpjgsx.site,11,3.2776134368191157,dga
hn1xhdorstqicz4r.top,16,3.75,dga
mke5wdo0flcjvem74mn.top,19,3.8924071185928764,dga
qae1mol7rsint5.site,14,3.807354922057604,dga
rpe8grozzzgor5nk.site,16,3.1556390622295662,dga
fafemucoda.info,10,2.9219280948873623,legit
bede.net,4,1.5,legit
moledefidi.net,10,2.721928094887362,legit
cuficafula.net,10,2.5219280948873624,legit
falidama.org,8,2.4056390622295662,legit
mima.info,4,1.5,legit
4n2ex7z97zq51250kj6.site,19,3.826874881864638,dga
cafucolo.info,8,2.5,legit
focibu.com,6,2.584962500721156,legit
mufa.net,4,2.0,legit
l90mqlafkkprfsla.site,16,3.327819531114783,dga
fela.info,4,2.0,legit
3ifu71jqhuci5rx1sqq7.info,20,3.684183719779189,dga
fodumibo.org,8,2.75,legit
mofolicube.org,10,3.1219280948873624,legit
a1klhljsl2144tzi.site,16,3.452819531114783,dga
lacacidu.net,8,2.5,legit
gj81ng2qgceeq2b5jacyrjv.top,23,3.762267390651494,dga
w19vw3rtqohmuh8l.top,16,3.75,dga
tp497i0cnoxhdgx2b.site,17,3.9698157824268097,dga
x52dnr9is2.top,10,3.1219280948873624,dga
46ekp0xoq0d1cu.site,14,3.6644977792004614,dga
cecemifado.org,10,2.9219280948873623,legit
ol9n6ynn40f6vh8zlz.xyz,18,3.5724312513221195,dga
cuciloda.net,8,2.75,legit
febamodemo.info,10,2.721928094887362,legit
jx8kp8192ca3skad4rqywn6.info,23,4.2626923908396215,dga
lefeluca.org,8,2.5,legit
igbm760jgl4c86hf4i.xyz,18,3.7254805569978675,dga
je7ak2wnj0.info,10,3.1219280948873624,dga
mobilufe.net,8,3.0,legit
madedube.com,8,2.5,legit
fufudu.com,6,1.4591479170272448,legit
k5635t5bfz.xyz,10,2.8464393446710154,dga
lubelico.net,8,2.75,legit
cufumemo.net,8,2.5,legit
b2x0pnuou4r.top,11,3.2776134368191157,dga
1f6wc4zfd93.info,11,3.2776134368191157,dga
madelulo.info,8,2.75,legit
k054nzdkyayq3s.site,14,3.521640636343318,dga
febedifeci.net,10,2.4464393446710155,legit
lofobobo.org,8,1.75,legit
dicaci.net,6,1.9182958340544896,legit
labolici.net,8,2.5,legit
mafibemudo.org,10,3.1219280948873624,legit
zw4z56rj3ghq55oibgd.info,19,3.787143960698139,dga
2zmnyhfl67hknh5w.xyz,16,3.577819531114783,dga
fudici.info,6,2.2516291673878226,legit
x6bqkdju3iwkdr.site,14,3.521640636343318,dga
facumabe.org,8,2.75,legit
mifodoli.net,8,2.5,legit
aavh1i4eoyfgguxtiyi.info,19,3.6818808028034025,dga
fecabamucu.com,10,2.721928094887362,legit
ma5bxns127i3shh215qf.top,20,3.8219280948873626,dga
ledimilo.com,8,2.5,legit
42j0r7gk6mh9bd.site,14,3.807354922057604,dga
libamadedi.info,10,2.721928094887362,legit
bumocu.com,6,2.2516291673878226,legit
cucumafele.org,10,2.721928094887362,legit
ji4cdnsx0k0ll7.xyz,14,3.521640636343318,dga
cafifu.info,6,2.2516291673878226,legit
5ke5upvrd6o9yzpf3.xyz,17,3.85216872360328,dga
g66c85g0jptfyq.xyz,14,3.521640636343318,dga
felo.com,4,2.0,legit
fimece.net,6,2.2516291673878226,legit
om7lasx4owoio1.top,14,3.2359263506290326,dga
jkrha96gn8w9ur.site,14,3.521640636343318,dga
1lpq4giq31ahc.site,13,3.3927474104487847,dga
mqigct2cxi.info,10,2.9219280948873623,dga
fzw8fjibxkj.info,11,3.095795255000934,dga
0lf7xe78669.site,11,3.095795255000934,dga
8sq6jp5pm2elgiffdh736c.site,22,4.186704345910025,dga
cadocufula.info,10,2.721928094887362,legit
dodilu.net,6,2.2516291673878226,legit
wssbzrad5sowo.site,13,3.0269868333592873,dga
fabo.info,4,2.0,legit
na7l0ep5gv.top,10,3.3219280948873626,dga
imf2esyevp.site,10,3.1219280948873624,dga
acynhsapvlyoxzcjjpq1tnr.site,23,4.001822825622231,dga
hxtpdpff5e8ii49kq.top,17,3.7345216647797512,dga
cacudibu.org,8,2.5,legit
rdu390e4b0ob.top,12,3.2516291673878226,dga
fifali.net,6,1.9182958340544896,legit
fodecaba.org,8,2.75,legit
jm6z6ccciv47.top,12,3.0220552088742005,dga
41cmgc6d4hqceta.info,15,3.456564762130954,dga
m7ezrpjejzsk7t0tk.site,17,3.381580488309163,dga
uj911noxfu68b3aumizbh.info,21,3.9754180179138334,dga
i42afbqnj971hspthdp03e.site,22,4.277613436819116,dga
ut6hp9zyy4wt7u.site,14,3.3787834934861753,dga
0oup0urexh6dlo7cze.xyz,18,3.7254805569978675,dga
aalnbbgv0h9i.info,12,3.2516291673878226,dga
cala.org,4,1.5,legit
febamebubo.net,10,2.6464393446710157,legit
16wt8jj4tvs.xyz,11,3.095795255000934,dga
cimidu.com,6,2.2516291673878226,legit
rcr4zcqrdb435l48gcxb.xyz,20,3.508694969562842,dga
fofi.com,4,1.5,legit
caca.info,4,1.0,legit
bfno6b9m80o2rak1vrj.xyz,19,3.9321380397593746,dga
2kuypbsba3sizc87cvbe4g.xyz,22,4.0614821867207755,dga
difife.net,6,1.9182958340544896,legit
modicobe.com,8,2.75,legit
1ifi031l36192ywol1a.info,19,3.5110854081804272,dga
4om3wtoobmzvrerw6.info,17,3.4548223999466057,dga
5rb14x6k130ixa1kac.site,18,3.5724312513221195,dga
62uc9odqqbw8cpwge6.top,18,3.7254805569978675,dga
k2h48ppnkfg1.top,12,3.2516291673878226,dga
yo7zww54a6i2koe6.xyz,16,3.625,dga
oerxcen0t5g8.info,12,3.4182958340544896,dga
ztfiiamhbm.site,10,2.9219280948873623,dga
omrmlsq2qf5wxw72kcyj8n1.site,23,4.1757358691004915,dga
wfv2g7qbd9dxgka7aauyt.xyz,21,3.880179922675738,dga
kn93wb8k4z7f3llw43u.site,19,3.5766176449086657,dga
ms556q8v88bc1hy2u.site,17,3.6901165175936645,dga
bafemufifi.org,10,2.6464393446710157,legit
fodudifufi.net,10,2.2464393446710154,legit
babo.com,4,1.5,legit
h5c2w9535hjhwfnslk6r.top,20,3.746439344671016,dga
zlsra0nb0irr3ugoo.top,17,3.572469458770135,dga
o6g9zxxb57qy9ub.top,15,3.506890595608519,dga
8be23bnfzm2cva.info,14,3.521640636343318,dga
buducefeci.info,10,2.721928094887362,legit
j5l5simf7na1e59nlc0.info,19,3.787143960698139,dga
ty088o5or1.xyz,10,2.9219280948873623,dga
k8genatm9mcprfc4.xyz,16,3.75,dga
195jmsnd8dudd467.site,16,3.5,dga
89zrb288ajzuk.site,13,3.180832987205441,dga
dacoco.net,6,1.9182958340544896,legit
bifodacale.info,10,3.1219280948873624,legit
jyv2rjjmfyrzoccta.info,17,3.4548223999466057,dga
5xpz4r38vjqeqhy9za.xyz,18,3.94770277922009,dga
0evfxvrjora.info,11,3.095795255000934,dga
irhwfoeuk6vr3.top,13,3.546593564294939,dga
2j35n8kyqzcf5.site,13,3.546593564294939,dga
mobu.net,4,2.0,legit
fala.org,4,1.5,legit
ht51tiwgx6m52.xyz,13,3.3927474104487847,dga
x08evl75mn46ww9ie21.top,19,4.037401197654112,dga
u1ku5j92dmjdolc4qk31.site,20,3.8219280948873626,dga
bucalu.org,6,2.2516291673878226,legit
mocemi.org,6,2.2516291673878226,legit
b0fx3j2y9k2ugr3rm3.top,18,3.6835423624332306,dga
dado.info,4,1.5,legit
fumodacucu.org,10,2.6464393446710157,legit
3gp19tgaemj6kmojg86.site,19,3.6818808028034025,dga
2xem3ffzlsegkrhj.info,16,3.75,dga
ra1ww29kbgbrmlkoclmnm.xyz,21,3.6897037321995474,dga
1x3j1l7r8431rup.xyz,15,3.323231428797621,dga
5gadracgn7ay7r54v1vxvu.top,22,3.6635327548042547,dga
i65nf4ek6y6x57.site,14,3.3248629576173565,dga
cufa.info,4,2.0,legit
co81q6sitv69ef.info,14,3.6644977792004614,dga
fw14gysmj76ci5ft93.top,18,4.058813890331201,dga
5j3uja86vs4s.top,12,3.2516291673878226,dga
cedomoloba.net,10,2.8464393446710154,legit
ladode.com,6,2.2516291673878226,legit
lafemu.info,6,2.584962500721156,legit
2yh9q4jnat0g7ri0.xyz,16,3.875,dga
cebicu.net,6,2.2516291673878226,legit
gve35pqvs2v.xyz,11,3.0271691184406184,dga
us79vzws01ptvqsotqeth.xyz,21,3.7489948035250964,dga
1l8sugfust21k2w2cw1r.info,20,3.5464393446710156,dga
s6be8zqt8ikh2w76.xyz,16,3.75,dga
9oop3jg86x0z0v.top,14,3.521640636343318,dga
folofalu.com,8,2.25,legit
cvdvczhn738jo.top,13,3.3927474104487847,dga
81997h475exbx1lx3e.top,18,3.4613201402110083,dga
molucifofe.net,10,2.9219280948873623,legit
felalubu.net,8,2.5,legit
3qordjgfw80o9dy7084p4.top,21,3.916126946588284,dga
dabe.info,4,2.0,legit
labilibobe.com,10,2.4464393446710155,legit
yefi7tgh5od8vbos.info,16,3.875,dga
euuonmtk1ronw.info,13,3.238901256602631,dga
wg1iq4ofs80qmaa7h7ay.site,20,3.8841837197791893,dga
cadebi.info,6,2.584962500721156,legit
codobuce.org,8,2.5,legit
mvdin9vdp5ecwe0f94ircgc.site,23,3.8820451081368623,dga
decodolube.org,10,2.721928094887362,legit
cufobadado.info,10,2.721928094887362,legit
4n5sydvjnodl5ztkb9.xyz,18,3.8365916681089787,dga
yuxgfat2xrgifl12.site,16,3.5,dga
fw2q4nm8r9ri.info,12,3.4182958340544896,dga
bececemefa.net,10,2.321928094887362,legit
rmi8qatswzza46jzoon4o79.info,23,3.936180434129755,dga
dafe.org,4,2.0,legit
bulo.info,4,2.0,legit
vtuik15ul9w.top,11,3.2776134368191157,dga
bilo.net,4,2.0,legit
lebumi.net,6,2.584962500721156,legit
xdr7ceten7ggo.info,13,3.238901256602631,dga
818pz92t6ytfuvqudhhild.xyz,22,4.004886164091843,dga
comidiceda.net,10,2.721928094887362,legit
dole.com,4,2.0,legit
nkzgge49dbz7.top,12,3.2516291673878226,dga
56ow14tobdbm8y.xyz,14,3.521640636343318,dga
5z75oem32h0y9.xyz,13,3.546593564294939,dga
s6kfrx0xpj7.info,11,3.2776134368191157,dga
uem4h2f4mg8n5ta1h2m.xyz,19,3.6818808028034025,dga
y23ccl9tk51ity5h5984.site,20,3.684183719779189,dga
lemu.org,4,2.0,legit
mocecabemo.net,10,2.5219280948873624,legit
becilubema.org,10,2.9219280948873623,legit
fefula.info,6,2.2516291673878226,legit
dhe078bkuxcj.site,12,3.584962500721156,dga
ovkgf807ssks.xyz,12,3.0220552088742005,dga
domofami.com,8,2.5,legit
lala.info,4,1.0,legit
bimimeca.org,8,2.5,legit
wmjntexu24vlstg9kj.info,18,3.94770277922009,dga
babalu.com,6,1.9182958340544896,legit
bucecumedo.org,10,2.721928094887362,legit
mofa.org,4,2.0,legit
coca.org,4,1.5,legit
cecomuluce.org,10,2.4464393446710155,legit
nexth0yytxbu5mb.top,15,3.3735572622751855,dga
fobafu.info,6,2.2516291673878226,legit
mucofu.com,6,2.2516291673878226,legit
decamalo.com,8,2.75,legit
cudeli.info,6,2.584962500721156,legit
c11y1rfeazxtffo.site,15,3.272905595320056,dga
sn749ahw2ppcuyhyq8s.info,19,3.826874881864638,dga
fecubo.net,6,2.584962500721156,legit
fadilolo.com,8,2.5,legit
coci.org,4,1.5,legit
2h6epnux0e1sjbux.top,16,3.625,dga
lilabumu.com,8,2.5,legit
macecuca.info,8,2.1556390622295662,legit
coba.com,4,2.0,legit
c59pl5s99ov.top,11,2.8453509366224368,dga
du1qkatu1x52v8b2tu.site,18,3.5724312513221195,dga
vv44ci4j38v30d7tu98bn.site,21,3.7489948035250964,dga
laluma.info,6,1.9182958340544896,legit
w9uu9ukltkwiugzh.xyz,16,3.125,dga
dabuda.net,6,1.9182958340544896,legit
defamucimo.com,10,3.1219280948873624,legit
uwkmwzg38f3ankgfkayho1.info,22,3.788754913993503,dga
midimufide.com,10,2.4464393446710155,legit
btchtjq3nhb4lahfp39.info,19,3.6818808028034025,dga
atuth8rbp8jlf8bnyzkcp6x.info,23,4.0559581516151235,dga
1rqlfjerzft207nqldf1vt.xyz,22,3.788754913993503,dga
4poauw49jru5u8mmhsd.top,19,3.787143960698139,dga
sy94evi4mjmaa.info,13,3.238901256602631,dga
bodicimife.com,10,2.8464393446710154,legit
bz4jrvmb5zkt9rom55.site,18,3.4613201402110083,dga
midocefo.info,8,2.75,legit
5kbm98yke4wa8deyp.top,17,3.616874605956222,dga
dufo.com,4,2.0,legit
cababidobo.info,10,2.4464393446710155,legit
jrjedkts2h3tzr685.top,17,3.7345216647797512,dga
b4ysy2p5qw34j38x.site,16,3.625,dga
t68yt0fgwjrnztak5age0.top,21,3.880179922675738,dga
cufedefemo.info,10,2.6464393446710157,legit
bofimi.com,6,2.2516291673878226,legit
qxrig9wsx5cu16.info,14,3.6644977792004614,dga
fodifilede.info,10,2.5219280948873624,legit
4p8v5o19begio0cn3.info,17,3.9698157824268097,dga
befalofume.org,10,2.9219280948873623,legit
comodema.org,8,2.5,legit
zyy94dakf51v.top,12,3.4182958340544896,dga
ljglexs6hx8j18085ztagh7.xyz,23,3.8820451081368623,dga
bolelefomi.com,10,2.721928094887362,legit
mela.org,4,2.0,legit
154ofli2yb3v78480wpn.top,20,4.1219280948873624,dga
ceco.info,4,1.5,legit
moci.net,4,2.0,legit
bife.info,4,2.0,legit
fodo.info,4,1.5,legit
lafemuludo.com,10,2.9219280948873623,legit
badoci.org,6,2.584962500721156,legit
mefufamufe.net,10,2.2464393446710154,legit
fidedocofu.org,10,2.721928094887362,legit
lefefufi.net,8,2.1556390622295662,legit
mulifofa.com,8,2.75,legit
ymqc1a78mx1evuht6t0uz.site,21,4.011365041826379,dga
cacudadaci.com,10,2.1709505944546685,legit
fafadodola.net,10,2.2464393446710154,legit
xa7jdp69d1wmmmevm43vvt0.xyz,23,3.8820451081368623,dga
becolefa.info,8,2.75,legit
ludu.com,4,1.5,legit
h91wlbx3w1n9myxlam2.top,19,3.6163485660751644,dga
dodeli.com,6,2.2516291673878226,legit
a1otovs66l.site,10,2.9219280948873623,dga
qpt16hdxq6whdh2ta3vp8.site,21,3.6897037321995474,dga
molilebo.com,8,2.5,legit
of075n43ra1pp.xyz,13,3.546593564294939,dga
mefalafala.net,10,2.1219280948873624,legit
z16ufzgli4upaqyp2rvt.top,20,4.021928094887363,dga
d93tbzqanec1we8de4cs0l.top,22,4.0614821867207755,dga
bolu.info,4,2.0,legit
lidibemaba.net,10,2.721928094887362,legit
tmhfyvtmb6vlo.top,13,3.238901256602631,dga
b5gu94yt5sd7c.top,13,3.546593564294939,dga
4v8xhl18yfjavqm6.info,16,3.75,dga
zsaybaou1jq.xyz,11,3.2776134368191157,dga
cadufabedu.org,10,2.721928094887362,legit
srzr2x720klbipqf.site,16,3.75,dga
daba.com,4,1.5,legit
iajj28sy2mnutt1wfa6zisd.site,23,4.001822825622231,dga
y1zgqttl1ui.top,11,3.095795255000934,dga
29fhc5sif1tc.xyz,12,3.2516291673878226,dga
caco.org,4,1.5,legit
mflffa1ondfyu7m4m5l4sd.xyz,22,3.6069367321753214,dga
obo1yjwsoyh5.xyz,12,3.0220552088742005,dga
mobu.com,4,2.0,legit
folele.net,6,1.9182958340544896,legit
dmlajcpkzua44wm.info,15,3.506890595608519,dga
cucumi.net,6,1.9182958340544896,legit
2l97tc201qia2y.info,14,3.4677201004744993,dga
bamobu.net,6,2.2516291673878226,legit
cibicofa.org,8,2.5,legit
62661vn6vcy4n0ntk664z.info,21,3.2368573034220742,dga
cacocumobo.org,10,2.3709505944546687,legit
limadumeca.org,10,2.9219280948873623,legit
fude.com,4,2.0,legit
o8sk3596hhr8x8c2.xyz,16,3.577819531114783,dga
fife.org,4,1.5,legit
82t0dmnv9ky71l.site,14,3.807354922057604,dga
delofamu.org,8,3.0,legit
8n1gptc2qwf2hpnw1kinn.site,21,3.6304126608739984,dga
a04fn5fhjzdjjhnkh30.site,19,3.431623565847431,dga
sfw9pnee5dnan3ym5gvn76u.top,23,4.001822825622231,dga
olytsilazcluog5jv.xyz,17,3.6901165175936645,dga
fafebedu.org,8,2.5,legit
bulufecu.net,8,2.4056390622295662,legit
p1cd7u8g6hcsuditn3nz.site,20,3.9219280948873627,dga
felebadufa.info,10,2.721928094887362,legit
mofube.com,6,2.584962500721156,legit
c8agkcklextpcrq8colkwmp.top,23,3.708132064658601,dga
fimo.net,4,2.0,legit
buca.info,4,2.0,legit
lodifobo.net,8,2.4056390622295662,legit
deci.com,4,2.0,legit
cadofodaba.com,10,2.4464393446710155,legit
culo.info,4,2.0,legit
ludicu.net,6,2.2516291673878226,legit
cadi.com,4,2.0,legit
czvk42w6tsz0p.xyz,13,3.546593564294939,dga
dali.info,4,2.0,legit
8d39wkxq6ltih.info,13,3.7004397181410926,dga
cefulimo.com,8,3.0,legit
cilu.net,4,2.0,legit
uzny1qeg9ddvp4wcaq6.top,19,4.037401197654112,dga
cacudefu.org,8,2.5,legit
cadaba.com,6,1.792481250360578,legit
folicobeda.info,10,3.1219280948873624,legit
lafu.info,4,2.0,legit
budo.net,4,2.0,legit
wtxi27vltbhoi.site,13,3.3927474104487847,dga
tu74gtnjukmzkkku740roq.site,22,3.6069367321753214,dga
demu.info,4,2.0,legit
lumubici.org,8,2.5,legit
fedu.net,4,2.0,legit
8bomh7n0femp7l.top,14,3.521640636343318,dga
vkg3c5oaoo3np4vynzlaxa.top,22,3.7544418457133455,dga
fimedacodu.com,10,3.1219280948873624,legit
duda.org,4,1.5,legit
febo.net,4,2.0,legit
fi11z14yac8mxau7mbapow.info,22,3.936260027531527,dga
dilucafu.net,8,2.75,legit
982ulfk1tkzcop.site,14,3.6644977792004614,dga
cefo.info,4,2.0,legit
9960gbfw9fuyas0yf9p7kyk.info,23,3.588354347173233,dga
dicomudocu.org,10,2.5219280948873624,legit
4ivlgtwl1q5flqzmo.site,17,3.6901165175936645,dga
h1wzatvyxnt14c5c.top,16,3.625,dga
cidece.com,6,1.9182958340544896,legit
didulufi.com,8,2.25,legit
camabimu.com,8,2.5,legit
licule.com,6,2.2516291673878226,legit
tunp3jjcfdhjg2ije.top,17,3.6168746059562213,dga
dxzj1xyxaswwt29fn2.info,18,3.6835423624332306,dga
mibebaba.com,8,2.1556390622295662,legit
cadicebu.com,8,2.75,legit
dumofafufo.info,10,2.4464393446710155,legit
duloca.com,6,2.584962500721156,legit
bxelm5l8nwgjxl2l6j.top,18,3.5032583347756456,dga
wxsclzoxv8lsmb.xyz,14,3.3787834934861753,dga
lofodi.net,6,2.2516291673878226,legit
sa28ugzr4c7a.info,12,3.4182958340544896,dga
ecj5b4cpialdtg3kegh5oe.site,22,3.970573095811685,dga
s9im0yltz9atsn1u322n64.site,22,4.004886164091843,dga
67e65n942w6oonzs42aq.xyz,20,3.684183719779189,dga
limodu.info,6,2.584962500721156,legit
dumafebi.info,8,3.0,legit
6p45l3bk80y0avps.top,16,3.75,dga
s2pfvyyp5lwwhgyspzci.top,20,3.6464393446710157,dga
uffepfkdfs95a16i4568.top,20,3.7219280948873625,dga
x2nlu3o3xvmqqbih01z.info,19,3.9321380397593746,dga
lalidumede.info,10,2.721928094887362,legit
6zqygjb1h2obak8ruirdmk.site,22,4.186704345910025,dga
duludefebu.net,10,2.4464393446710155,legit
3mikyi1hfsjqn0iv9urj.site,20,3.9841837197791894,dga
4p39jym6ie.site,10,3.3219280948873626,dga
mafi.info,4,2.0,legit
u3krvbcabbbfukffm4g2.top,20,3.484183719779189,dga
qvkm3x3xohlzcd81ci3w5su.site,23,4.1429146733542535,dga
ncp2viruc70sbovv.top,16,3.577819531114783,dga
49k6dzq5ywsudb.site,14,3.6644977792004614,dga
licicufo.com,8,2.5,legit
bu00t2rjmgilbrooob.xyz,18,3.4193819456463714,dga
eklv3ja41vblqekaw4a.xyz,19,3.471354487013929,dga
8xdbjwuyh6ssqkf8j84s57e.xyz,23,4.023136955868885,dga
y5byy2conyl1.top,12,2.9182958340544896,dga
mufucolo.org,8,2.5,legit
rhqp1m4g6lmjo.top,13,3.546593564294939,dga
p7tv5zkbwwwtp6rdqyb9ro.info,22,3.8796640049025943,dga
bidofubi.info,8,2.5,legit
ized1ipsquzuu2roemigj.top,21,3.7489948035250964,dga
p8nu9tr0h535okzspbvqq5.top,22,4.0614821867207755,dga
mefudedi.net,8,2.5,legit
bimadole.org,8,3.0,legit
bz4h9ill004rfb.top,14,3.2359263506290326,dga
u5140vipy09588588o.top,18,3.350209029099897,dga
dima.info,4,2.0,legit
domi.info,4,2.0,legit
cecibade.com,8,2.5,legit
bifole.info,6,2.584962500721156,legit
qpzphjmbpt35911.info,15,3.456564762130954,dga
focudedu.com,8,2.5,legit
fadafecabi.net,10,2.6464393446710157,legit
mudufodo.info,8,2.25,legit
0oi10037xb2ja7ef.site,16,3.577819531114783,dga
qxzlvu35be4hw43kswi6g.site,21,4.106603137064474,dga
fucu.net,4,1.5,legit
leli.com,4,1.5,legit
mode.org,4,2.0,legit
jvs2ydlkbzxourflafil.site,20,3.9841837197791894,dga
pk8wfrwymqce9w6.site,15,3.589898095464288,dga
sb61lgg7jpm7qw.top,14,3.521640636343318,dga
dvp375hn5ui97pijb.top,17,3.616874605956222,dga
jlif0hd2dug8.top,12,3.4182958340544896,dga
ffonjk677v2ivsx1cy.info,18,3.8365916681089787,dga
modeme.net,6,1.9182958340544896,legit
fgqjfytops2ii7kbcwu4.top,20,4.1219280948873624,dga
comibe.com,6,2.584962500721156,legit
lole.info,4,1.5,legit
9weu7ol7e6k088zfwonvvx.xyz,22,3.913977073182752,dga
bumacu.org,6,2.2516291673878226,legit
3doqn6btan.site,10,3.1219280948873624,dga
hu4p9vuhi8e2.xyz,12,3.2516291673878226,dga
cufafe.com,6,2.2516291673878226,legit
0ij4kpzk0zmpw.site,13,3.0850551027564768,dga
fufefabo.org,8,2.4056390622295662,legit
ethvkb8uc3160rb4.site,16,3.875,dga
fafubifo.com,8,2.4056390622295662,legit
bvn8nn87q94.xyz,11,2.8453509366224368,dga
crm60latr9whv3f3fhflf.top,21,3.6304126608739984,dga
7tzbegpsqp97l57ajbu90.info,21,3.880179922675738,dga
1w9u8xytinbqejbj.top,16,3.75,dga
lefibifa.info,8,2.5,legit
e8vt4m8jcim09q9.xyz,15,3.506890595608519,dga
rqt0pa0cabjx7uvk1p.site,18,3.8365916681089787,dga
camobefi.com,8,3.0,legit
4rv6t5zdtqgj.info,12,3.4182958340544896,dga
delabe.com,6,2.2516291673878226,legit
dofulimi.net,8,2.75,legit
mebade.com,6,2.2516291673878226,legit
calodumuba.info,10,2.9219280948873623,legit
libudofi.com,8,2.75,legit
feca.net,4,2.0,legit
famebebebi.net,10,2.3709505944546687,legit
26rs43fkdnxac0g6t.xyz,17,3.9698157824268097,dga
v0x4sbkxcsjbgnu66w.xyz,18,3.7254805569978675,dga
pxmci6f0vd0qzmadwo233wz.site,23,4.001822825622231,dga
mecabu.info,6,2.584962500721156,legit
docomoba.org,8,2.4056390622295662,legit
z3c98rp18s8bkicv.xyz,16,3.577819531114783,dga
ycem9n4nvtanmh4pnzp9.top,20,3.521928094887363,dga
fedolidebo.net,10,2.721928094887362,legit
ladodicubu.net,10,2.9219280948873623,legit
svup410h9tn4cx.top,14,3.6644977792004614,dga
lifu.info,4,2.0,legit
8xa4edw9dfhxal3g.top,16,3.625,dga
cime.net,4,2.0,legit
53jsjcut6hr.top,11,3.2776134368191157,dga
fafibe.com,6,2.2516291673878226,legit
mabe.net,4,2.0,legit
81uytkisavjd7lovob5.top,19,4.037401197654112,dga
dudube.net,6,1.9182958340544896,legit
skcsv1hjem45paylyctlo.site,21,4.011365041826379,dga
j32f6hl8iz0u2b.top,14,3.6644977792004614,dga
mifa.net,4,2.0,legit
o110bkadawmk.top,12,3.084962500721156,dga
dofaci.org,6,2.584962500721156,legit
mimobicile.net,10,2.6464393446710157,legit
8slljkphcui2qxl.info,15,3.589898095464288,dga
ov5hux9z7zow.xyz,12,3.2516291673878226,dga
zq639lb7l5n3r81d7mx3jp.site,22,4.0614821867207755,dga
t86m9tluoytzi8d.info,15,3.456564762130954,dga
0wsskctqd4kdsbs5fi6erq.info,22,3.823067982273661,dga
z8608cx8fgpwkczv1gagq.info,21,3.7489948035250964,dga
cadebo.com,6,2.584962500721156,legit
9g2ltzegyu5dfn.xyz,14,3.6644977792004614,dga
debofilu.com,8,3.0,legit
lelidu.com,6,2.2516291673878226,legit
docu.com,4,2.0,legit
cobifabe.com,8,2.75,legit
fufalafa.com,8,1.811278124459133,legit
hjckhewbw5yr.top,12,3.2516291673878226,dga
bumacidu.com,8,2.75,legit
2y6o6aobhtp1.xyz,12,3.2516291673878226,dga
4lp8q2h1jbljpk68m44ssg.xyz,22,3.788754913993503,dga
bz299pg3gihadoimzx.info,18,3.7254805569978675,dga
l6rgot5vd7761suyu.info,17,3.7345216647797512,dga
fufodufu.info,8,1.811278124459133,legit
duciduba.info,8,2.5,legit
z5jr0y2efz6r.info,12,3.2516291673878226,dga
a2tib2r4j01te2z5b9a93.xyz,21,3.7849418274376427,dga
gd23hgg9c6gk.top,12,2.9182958340544896,dga
mocofa.com,6,2.2516291673878226,legit
1du10rh735x7codr082uazm.top,23,4.001822825622231,dga
obatg1eauocj.info,12,3.2516291673878226,dga
dacofu.com,6,2.584962500721156,legit
5vgiox56gvxqjyc3.site,16,3.5,dga
76d9nkjhchalolabe7y3.site,20,3.9219280948873627,dga
didi.info,4,1.0,legit
h330kvoskk9.xyz,11,2.8453509366224368,dga
locilolico.net,10,1.9709505944546686,legit
decufafo.com,8,2.75,legit
g1anllbl09agrlzr5ed1.site,20,3.521928094887363,dga
fgffaj815fjda4lci.info,17,3.381580488309163,dga
nu0xgj1qq81x.site,12,3.084962500721156,dga
g71v4jsatpt5qh.site,14,3.6644977792004614,dga
cabo.net,4,2.0,legit
cobo.com,4,1.5,legit
maubxcu2o5z.info,11,3.2776134368191157,dga
dacubididu.info,10,2.4464393446710155,legit
cociboba.net,8,2.25,legit
jspketv82dib.site,12,3.584962500721156,dga
2rgepku44cy5pr.info,14,3.3787834934861753,dga
rm59pd1nym7swiz0srph.info,20,3.9219280948873627,dga
bicuci.info,6,1.9182958340544896,legit
zgu9et83z0pp9k4.site,15,3.506890595608519,dga
mifofilado.org,10,2.721928094887362,legit
gb3nd63hxyq48o4dng5uto7.info,23,4.001822825622231,dga
mqi09mttft38ly1g.top,16,3.577819531114783,dga
febulefifa.net,10,2.6464393446710157,legit
ajqt4hs0l5p.site,11,3.4594316186372973,dga
fomudamofi.com,10,2.721928094887362,legit
wsnv69rf6nqn3qch.site,16,3.452819531114783,dga
gpkga2idlh.site,10,3.1219280948873624,dga
tklx6ohmip5b.info,12,3.584962500721156,dga
debido.info,6,2.2516291673878226,legit
brt24lybnl0wugo.top,15,3.640223928941852,dga
7i0u24iqlusmf0xlzyob.top,20,3.9219280948873627,dga
z7g3fwgzakui6y.top,14,3.521640636343318,dga
8u0bvo2b58.top,10,2.9219280948873623,dga
lomedecumi.net,10,2.9219280948873623,legit
fidediba.net,8,2.5,legit
b2u0j0n064di7.site,13,3.334679141051595,dga
n1j2itzpjbo2q5z33.info,17,3.616874605956222,dga
zv14wzze7ssm9zg.site,15,3.240223928941852,dga
zto1fgan4eio72.site,14,3.6644977792004614,dga
dl2iazmtufhkp.xyz,13,3.7004397181410926,dga
lofamodibu.com,10,3.1219280948873624,legit
js6eolmv2b2ep7s9kj9u.xyz,20,3.8219280948873626,dga
2ae5emdjnifl9.site,13,3.546593564294939,dga
labeba.com,6,1.9182958340544896,legit
facide.org,6,2.584962500721156,legit
qn6c3be3yvzmzcaq.site,16,3.5,dga
fucolodafa.org,10,2.721928094887362,legit
ghnmlwbfjrwwk6p6ega7.info,20,3.8841837197791893,dga
it7i1jkue98hluj.site,15,3.506890595608519,dga
gw9xhro199brblrtvwa.site,19,3.5368867237421675,dga
defocuda.net,8,2.75,legit
bufomibu.org,8,2.5,legit
ffb1ajb8fybi3wlpotm8.top,20,3.746439344671016,dga
eorizhjn2jruah7t.top,16,3.625,dga
bolucedo.org,8,2.75,legit
lofofufo.info,8,1.811278124459133,legit
calabudo.info,8,2.75,legit
mubu.org,4,1.5,legit
budobila.net,8,2.75,legit
ismx89un37lhspnvl.top,17,3.7345216647797512,dga
ihuuenauv4.xyz,10,2.8464393446710154,dga
ficifalebe.net,10,2.721928094887362,legit
8outgfzu5lymq5wv2x.site,18,3.94770277922009,dga
bacici.com,6,1.9182958340544896,legit
rx3yr5v3zrvmxp1x4rzy6ye.site,23,3.5013978254341027,dga
cidemu.org,6,2.584962500721156,legit
bofadafa.info,8,2.1556390622295662,legit
dibu.com,4,2.0,legit
melofuma.com,8,2.75,legit
ku0zkhi804eynint14ktm.info,21,3.6897037321995474,dga
3x0948npf7.site,10,3.3219280948873626,dga
defada.net,6,1.9182958340544896,legit
cadubi.com,6,2.584962500721156,legit
1rvrrgqz3pm7vlu9aae.top,19,3.787143960698139,dga
lelofaboma.org,10,2.721928094887362,legit
mebecaco.org,8,2.5,legit
sjtxa99jhcaz8.info,13,3.238901256602631,dga
locuco.org,6,1.9182958340544896,legit
lufedo.org,6,2.584962500721156,legit
cedofobe.info,8,2.5,legit
lofoco.info,6,1.792481250360578,legit
mucidi.com,6,2.2516291673878226,legit
mebufafe.com,8,2.5,legit
dadoledi.info,8,2.4056390622295662,legit
vkp3eac074ye0q8h8b24ds.xyz,22,4.095795255000934,dga
molicilu.org,8,2.5,legit
qql945p7my.top,10,3.1219280948873624,dga
5zpjag1ol73d9ph3i3.xyz,18,3.794653473544342,dga
x9x39ifetz4700eiue2.xyz,19,3.5766176449086657,dga
v19zxktcyjihuw14iu1lllh.xyz,23,3.8492239123906247,dga
6t9usoj7309n0wiqr4h0f6.site,22,4.0614821867207755,dga
ful1fcxo2dimcc3e1uaa4qf.site,23,3.8492239123906247,dga
r9gp9it02f6n.xyz,12,3.4182958340544896,dga
g8fpx662jhf2b86.site,15,3.1898980954642875,dga
s0z9tuwar7jz2n82wzm.site,19,3.787143960698139,dga
6fzx6apk6i2klj4w.info,16,3.577819531114783,dga
fidebu.info,6,2.584962500721156,legit
a8ircd9si5.xyz,10,3.1219280948873624,dga
defomudu.info,8,2.5,legit
fgzsgpoqltv377riu1xjcy.xyz,22,4.277613436819116,dga
laca.org,4,1.5,legit
milabi.info,6,2.2516291673878226,legit
0q5ahzmqilhpic.top,14,3.3787834934861753,dga
mimadibi.com,8,2.1556390622295662,legit
sxwfcktvgcfcamkz5g.xyz,18,3.5724312513221195,dga
debo.info,4,2.0,legit
mumubu.info,6,1.4591479170272448,legit
kjhfx92f9ruknx.top,14,3.2359263506290326,dga
u1ybperh8h9.site,11,3.2776134368191157,dga
o08capdedi2lscuw.site,16,3.75,dga
docomubidu.net,10,2.721928094887362,legit
mibomofofu.com,10,2.4464393446710155,legit
4hw30zaxo6s.top,11,3.4594316186372973,dga
docudo.com,6,1.9182958340544896,legit
gag4c4xz8gqk9p.info,14,3.3248629576173565,dga
tfc8vyi78snf69t7vkbb8.info,21,3.6897037321995474,dga
rs7esie3qk6g5os.top,15,3.456564762130954,dga
opcezinrhanha0g.xyz,15,3.506890595608519,dga
w89z4iqa6jijyrdxp03l2w3.info,23,4.1757358691004915,dga
bobode.info,6,1.9182958340544896,legit
irtr5jek1r0t4.site,13,3.180832987205441,dga
e8tgovl8wwpxvj.info,14,3.3787834934861753,dga
1zh34dz5pz.top,10,2.8464393446710154,dga
5odsxfx348kxx.site,13,3.085055102756477,dga
n6zv9dkyaf.info,10,3.3219280948873626,dga
cedabudefe.info,10,2.6464393446710157,legit
rzfxz3potfcf.xyz,12,3.0220552088742005,dga
ceme.com,4,1.5,legit
lafobeme.info,8,2.75,legit
bica.info,4,2.0,legit
bumedila.info,8,3.0,legit
n0d9uqu0z21zqdr.info,15,3.240223928941852,dga
libafemu.org,8,3.0,legit
4jnucydx14ndnb.top,14,3.1820058147602133,dga
codi.info,4,2.0,legit
mumicafibo.net,10,2.9219280948873623,legit
cifefufolo.com,10,2.6464393446710157,legit
bucofadaba.info,10,2.6464393446710157,legit
comocufefa.info,10,2.721928094887362,legit
luculucaco.com,10,2.1709505944546685,legit
fofoca.net,6,1.9182958340544896,legit
2aeqk1ibn3d638kgf0dkbq.top,22,3.8796640049025943,dga
moma.net,4,1.5,legit
a8ag47z459i.info,11,3.095795255000934,dga
cofumolu.info,8,2.5,legit
bkuyroq4hi85fvoevyy.info,19,3.787143960698139,dga
fumuleba.net,8,2.75,legit
medobaba.org,8,2.5,legit
difefabu.com,8,2.75,legit
cufu.com,4,1.5,legit
ceci.net,4,1.5,legit
lofacadala.com,10,2.321928094887362,legit
mafebebi.info,8,2.5,legit
yxdofkf9dqf7q2jsj1rlo0t.site,23,3.9690016298759927,dga
h2xf7y6ky9yckv.xyz,14,3.3248629576173565,dga
9eoq0y2z1ubyh8ae.site,16,3.75,dga
lomocibi.net,8,2.5,legit
mk5g05tpn9dbwqw.top,15,3.640223928941852,dga
mibe.com,4,2.0,legit
fulodi.org,6,2.584962500721156,legit
sg0ygjn5sd54rpolu1ln6sh.info,23,3.9690016298759927,dga
bibu.info,4,1.5,legit
mido.com,4,2.0,legit
zs8ssqghzmf95mi7c44gho.site,22,3.788754913993503,dga
molocubo.net,8,2.4056390622295662,legit
lqdyx8o82j4jv6eljucvyz.top,22,3.8796640049025943,dga
mimo.net,4,1.5,legit
bodemi.org,6,2.584962500721156,legit
bafudida.info,8,2.5,legit
e45d1jn3lyxi3mwrmvicdri.site,23,3.9690016298759927,dga
ducibifi.com,8,2.4056390622295662,legit
j7pdzuib5sq0.info,12,3.584962500721156,dga
lulideduma.com,10,2.721928094887362,legit
defimofico.org,10,2.721928094887362,legit
cmkribqr9l.xyz,10,3.1219280948873624,dga
2hwywylah3xm2ao.top,15,3.240223928941852,dga
at44qiu8xg45mio6ijo.site,19,3.6421498816369042,dga
bomabe.net,6,2.2516291673878226,legit
smzlr7571gdphohdc.xyz,17,3.7345216647797512,dga
u96gzvbkxr.top,10,3.3219280948873626,dga
culufife.com,8,2.5,legit
03b9b0fitp6xi.info,13,3.238901256602631,dga
foce.com,4,2.0,legit
cefelubo.com,8,2.75,legit
bhacipfrjaag8v.info,14,3.4677201004744993,dga
mebo.net,4,2.0,legit
za6541ze8oay4h8w.info,16,3.5,dga
cw033uz332jjy0.xyz,14,2.950212064914747,dga
upu3469fg1e.top,11,3.2776134368191157,dga
ledalime.info,8,2.5,legit
dafe.org,4,2.0,legit
irtze4y4l67qiuwzecbkog.xyz,22,4.095795255000934,dga
ejuuaj3j5uh0q.info,13,2.9689185639620974,dga
fadadi.org,6,1.9182958340544896,legit
lulu.net,4,1.0,legit
licemu.info,6,2.584962500721156,legit
ei7tdnop43g8d.site,13,3.546593564294939,dga
foba.com,4,2.0,legit
bacudomo.net,8,2.75,legit
dacide.org,6,2.2516291673878226,legit
33vfum10n229bxiita.info,18,3.8365916681089787,dga
bedace.org,6,2.2516291673878226,legit
mabudile.info,8,3.0,legit
xe2kc6q0s7wz.xyz,12,3.584962500721156,dga
fucoleba.com,8,3.0,legit
fopxm8likt3ffoyac0b7j35.site,23,4.1429146733542535,dga
0truwzf9u5dzt35hx.top,17,3.616874605956222,dga
libafe.net,6,2.584962500721156,legit
062qcdp9ajgsy.xyz,13,3.7004397181410926,dga
libe.net,4,2.0,legit
1em9ohbazspnjl1ji5.top,18,3.94770277922009,dga
89xdnslm0kicpmt3slq0.info,20,3.9219280948873627,dga
7tujg7inc3y7hatcfv3.top,19,3.6818808028034025,dga
libefe.org,6,2.2516291673878226,legit
lememo.net,6,1.9182958340544896,legit
cibofocima.org,10,2.721928094887362,legit
p89eraupeulcq6ct.info,16,3.5,dga
fm8d7m46bh8lbrnp2f8uzc.info,22,3.970573095811685,dga
cedibu.com,6,2.584962500721156,legit
cidacoluba.org,10,2.9219280948873623,legit
gr827lqwvz0rtmc7vh1.top,19,3.9321380397593746,dga
dedufoci.org,8,2.75,legit
muluce.net,6,2.2516291673878226,legit
dadodimemo.info,10,2.4464393446710155,legit
2lqrq5ioljdohcl.site,15,3.323231428797621,dga
ljzejbf7ny03vkxtufdjkd.xyz,22,3.970573095811685,dga
mb8b76jnxhnbuiofir.top,18,3.6835423624332306,dga
zwag15mf76j0h.top,13,3.7004397181410926,dga
r26tje2aj9v.top,11,3.095795255000934,dga
5c15ymnpk91wgwdkv38s1.xyz,21,3.880179922675738,dga
zmvv4a91fneqx9.top,14,3.521640636343318,dga
mebi.org,4,2.0,legit
dicu.org,4,2.0,legit
mubolebade.info,10,2.9219280948873623,legit
nlhcygnmtntx.info,12,3.0220552088742005,dga
rcwohqf1hw1.top,11,2.913977073182752,dga
l6h2nlmdlmq.site,11,2.8453509366224368,dga
n9cuwjx28k8thbz.info,15,3.773557262275186,dga
cumilumili.net,10,2.2464393446710154,legit
mucubo.org,6,2.2516291673878226,legit
b0e9fjcxrz.xyz,10,3.3219280948873626,dga
cafu.net,4,2.0,legit
cs1r8nfvd6xdhyx3cxxl9.xyz,21,3.820888851350189,dga
dw8r8kussr6gi0driipjup.xyz,22,3.572623663895164,dga
eid2dt1egd9dsy.info,14,3.0930692077718898,dga
mifimubafo.com,10,2.721928094887362,legit
bifilole.org,8,2.5,legit
memicomu.net,8,2.4056390622295662,legit
felelomo.net,8,2.25,legit
lqk24pko8vjciplbg.xyz,17,3.7345216647797512,dga
adqchdteqvyrki3hiuj02h7.top,23,4.0559581516151235,dga
i0xy2yyf8iwhl8z7i.site,17,3.4104172527605194,dga
g390cgyjwd.top,10,3.1219280948873624,dga
cifu.info,4,2.0,legit
bilebobila.org,10,2.4464393446710155,legit
deculudo.info,8,2.5,legit
labi.net,4,2.0,legit
pw90de3d5scojwgqwl.top,18,3.794653473544342,dga
6h4rfwfwlym8qbfekj.top,18,3.794653473544342,dga
comocamiba.com,10,2.5219280948873624,legit
femofudi.info,8,2.75,legit
psiz4heeq8n5wo2tx9sp7.site,21,4.106603137064474,dga
fucacudamo.net,10,2.721928094887362,legit
aeyrxgbsyo.info,10,3.1219280948873624,dga
0hj1vb9jzw8j1rf9y.site,17,3.572469458770135,dga
gxey4x9yszpovot9ffa.xyz,19,3.721611723969901,dga
2zrf5k17c8a7.top,12,3.4182958340544896,dga
0laj3xw7leq33bia2h.site,18,3.6835423624332306,dga
domelaloli.com,10,2.6464393446710157,legit
b9of3mqkdz1qj.xyz,13,3.546593564294939,dga
5pn4302fap9r9ndljdwcjc.site,22,3.913977073182752,dga
bamelile.info,8,2.5,legit
bacobefeci.info,10,2.721928094887362,legit
6685t4bxvh0tb4.top,14,3.2359263506290326,dga
docamo.info,6,2.2516291673878226,legit
t32cdxsef6y.info,11,3.4594316186372973,dga
lobu.org,4,2.0,legit
pfdix5smjy.xyz,10,3.3219280948873626,dga
rrb4ejnezybc5130lac.info,19,3.826874881864638,dga
bacu.com,4,2.0,legit
onmrs5yi1nnsm0l0jbs.xyz,19,3.5368867237421675,dga
bobiloma.info,8,2.5,legit
bido.info,4,2.0,legit
bobe.org,4,1.5,legit
befimuba.org,8,2.75,legit
3bcdaqpywvfx7r7jzyhp0j.xyz,22,4.095795255000934,dga
mudu.org,4,1.5,legit
deba.org,4,2.0,legit
mumilibedo.com,10,2.9219280948873623,legit
lilicomudo.net,10,2.721928094887362,legit
lilebace.net,8,2.5,legit
fobidomudi.net,10,2.721928094887362,legit
cilude.net,6,2.584962500721156,legit
lalu.org,4,1.5,legit
fumofu.org,6,1.9182958340544896,legit
fabicu.com,6,2.584962500721156,legit
cobocu.info,6,1.9182958340544896,legit
72e1beftenhpwkn0.info,16,3.577819531114783,dga
z9c3fuquhz6a830dm7.xyz,18,3.8365916681089787,dga
beme.org,4,1.5,legit
akna6367qtosr9hkoc8p.top,20,3.9219280948873627,dga
yyj5ci6vg2g73aj0j.site,17,3.572469458770135,dga
8al3t7gjslgfsb9z7ivaui.xyz,22,3.913977073182752,dga
bimemela.info,8,2.5,legit
bjjh7xexzg.xyz,10,2.9219280948873623,dga
mimudoci.net,8,2.5,legit
9w0paj2xadancwyzgwnb.site,20,3.746439344671016,dga
lifidica.info,8,2.4056390622295662,legit
mufilabuma.net,10,2.721928094887362,legit
comabe.org,6,2.584962500721156,legit
4dgydf1zl2wtvm8f3i.top,18,3.94770277922009,dga
4sgohs02up1hl3u.info,15,3.506890595608519,dga
zn0up0ig6quxdy5.info,15,3.640223928941852,dga
17vl1jtswgr5xqeajjujy.top,21,3.916126946588284,dga
falelimi.info,8,2.5,legit
laca.org,4,1.5,legit
mebalu.net,6,2.584962500721156,legit
bemudo.com,6,2.584962500721156,legit
dofe.com,4,2.0,legit
5byvzk3i8bzbf1i3l.xyz,17,3.4548223999466057,dga
midibimame.net,10,2.3709505944546687,legit
mibocobeba.info,10,2.6464393446710157,legit
v8r9v9dvkzplhhzcs3kjbu.xyz,22,3.8796640049025943,dga
i6uuyzb6s5b09.site,13,3.238901256602631,dga
r65k9mleieiqo7rmb8q93a.site,22,3.913977073182752,dga
v3oj577fs31f4tjitp71s.xyz,21,3.594465636961452,dga
fudulofu.org,8,2.1556390622295662,legit
mofebafo.info,8,2.5,legit
cebumali.net,8,3.0,legit
vu4rlfzrpubco48eq1dt50.info,22,4.186704345910025,dga
xd5kxkqgho6acapc4xyjlc9.info,23,3.936180434129755,dga
meimjatfdyaf7p0q5.top,17,3.7345216647797512,dga
p1axci7f1ra8ha.xyz,14,3.3248629576173565,dga
093wb7liedrdhzq7h97a.info,20,3.784183719779189,dga
fecofo.org,6,1.9182958340544896,legit
fudomo.com,6,2.2516291673878226,legit
docilimu.org,8,2.75,legit
6qgs37vxahen2vov7khb4.xyz,21,3.9754180179138334,dga
fuli.net,4,2.0,legit
cilodoceda.net,10,2.721928094887362,legit
3cmtlstr2s9a.top,12,3.2516291673878226,dga
cudoci.info,6,2.2516291673878226,legit
wknfbjkwbftm4r6mdm.xyz,18,3.4613201402110083,dga
jvzify7o0pj1tv28ini8m.xyz,21,3.880179922675738,dga
cebibeca.net,8,2.25,legit
mifubuca.com,8,2.75,legit
caciba.net,6,1.9182958340544896,legit
mebolefe.info,8,2.4056390622295662,legit
tf6nj8uzet1p.info,12,3.4182958340544896,dga
budida.com,6,2.2516291673878226,legit
k8v52o1o8ph6l.xyz,13,3.3927474104487847,dga
yevn11v8ple5h3u.top,15,3.506890595608519,dga
dofu.info,4,2.0,legit
ej8cx9j1ictxcwnpgw90jpk.site,23,3.762267390651494,dga
4bu6gyjuf753re2ymrjxd.top,21,4.011365041826379,dga
rgpa5uo9th9ujaeoyl.top,18,3.7254805569978675,dga
6sr17otft0.top,10,3.1219280948873624,dga
mn4r7sgmsoxlt.xyz,13,3.3927474104487847,dga
dada.net,4,1.0,legit
medocomu.com,8,2.5,legit
6euc1g7um9capiyomq4.top,19,3.9321380397593746,dga
gon40avlpcq.xyz,11,3.4594316186372973,dga
2nfgihyw1uiprf.xyz,14,3.521640636343318,dga
beco.com,4,2.0,legit
gas442vldq4hez5edjj.info,19,3.6818808028034025,dga
milufaducu.info,10,2.8464393446710154,legit
dibamile.net,8,2.75,legit
lilidelude.com,10,2.2464393446710154,legit
balafo.org,6,2.2516291673878226,legit
tlkvz365e667jin.xyz,15,3.589898095464288,dga
lufo.org,4,2.0,legit
0jaix6kxsne7nl8gi.info,17,3.7345216647797512,dga
737wzq70k65ic.info,13,3.334679141051595,dga
fafelofodo.org,10,2.3709505944546687,legit
cima.info,4,2.0,legit
ktgj3ghpb3lrb472w.top,17,3.7345216647797512,dga
midefi.net,6,2.2516291673878226,legit
fimi.net,4,1.5,legit
micofebafo.com,10,2.9219280948873623,legit
iqksq0k1nkxgst89eejh.info,20,3.784183719779189,dga
bibe.net,4,1.5,legit
fumuba.net,6,2.2516291673878226,legit
mio1cyz370seixt5li.info,18,3.905764584655453,dga
dibilace.info,8,2.75,legit
dece.net,4,1.5,legit
cakqsminzlk.top,11,3.2776134368191157,dga
bema.com,4,2.0,legit
locumudufa.org,10,2.8464393446710154,legit
lacifo.net,6,2.584962500721156,legit
e8stqdkudjzs6cg1rsd.xyz,19,3.747413039531641,dga
9ed7nx8mk8zoskxv0n9pac.xyz,22,4.004886164091843,dga
yr67t3x2k9x5vw7i7.top,17,3.6901165175936645,dga
cocucido.net,8,2.1556390622295662,legit
babibole.com,8,2.4056390622295662,legit
is3d2oichnxt1jek.info,16,3.875,dga
j2vh4ci9htbzo2wfudm7.xyz,20,4.1219280948873624,dga
limu.com,4,2.0,legit
j90pnodihjyb1xdge.xyz,17,3.85216872360328,dga
cima.org,4,2.0,legit
fhdpjsavht24.site,12,3.4182958340544896,dga
cufi.com,4,2.0,legit
cuzrzh0d41iz.top,12,3.188721875540867,dga
7ycggghpx0zcw237cz.site,18,3.4193819456463714,dga
rl15f4w0vugkv05s.site,16,3.625,dga
damobida.com,8,2.5,legit
xbvp5z11c7gh.site,12,3.4182958340544896,dga
r4mfw9s3516zmqlmrzgtkn.info,22,4.0614821867207755,dga
ispyuitcwwo1q6.xyz,14,3.521640636343318,dga
lolula.net,6,1.792481250360578,legit
o0v3z0gu1uqxj4efff.site,18,3.6835423624332306,dga
meba.info,4,2.0,legit
nfjjk4auedi6214.xyz,15,3.640223928941852,dga
tk3b33izlx3aeyv7.xyz,16,3.5,dga
filimuba.info,8,2.75,legit
laducobuco.com,10,2.721928094887362,legit
cucucodoca.org,10,2.1219280948873624,legit
t3uea3ge8n6qiwepxsk28.site,21,3.9754180179138334,dga
zetkpy8vyif6wdg1oevzu.site,21,4.011365041826379,dga
bilemame.net,8,2.5,legit
faloca.org,6,2.2516291673878226,legit
mamadolode.net,10,2.5219280948873624,legit
bufime.info,6,2.584962500721156,legit
0lcz5lscatgvs3875i63rmh.site,23,4.088779347361361,dga
fjo3xpal9r2zdpy2a.site,17,3.7345216647797512,dga
fubo.org,4,2.0,legit
5ajqo4zxtx1l8rg2.top,16,3.875,dga
decufamimu.com,10,2.9219280948873623,legit
27xehd96m8jk.top,12,3.584962500721156,dga
lila.info,4,1.5,legit
pxr3p3lhpkceyias375z98z.info,23,4.023136955868885,dga
mufomi.info,6,2.2516291673878226,legit
cole.info,4,2.0,legit
becedu.com,6,2.2516291673878226,legit
macobodida.info,10,2.721928094887362,legit
tqvgrn15k7z7gf.xyz,14,3.521640636343318,dga
hdlje238eit78m2f3av7.site,20,3.8219280948873626,dga
rdcwj28ebxu7ccb.site,15,3.456564762130954,dga
publqdi07he42x.site,14,3.807354922057604,dga
wtmv70rq1m.info,10,3.1219280948873624,dga
9pgzd9l2h4.xyz,10,3.1219280948873624,dga
0bo8wavaytg.info,11,3.2776134368191157,dga
defefifubi.org,10,2.4464393446710155,legit
w96ex4o20oi8p0iqs.top,17,3.7345216647797512,dga
boco.info,4,1.5,legit
dice.info,4,2.0,legit
bi2hyb2nyd2.xyz,11,2.6635327548042547,dga
jghf5a8c4xu5.info,12,3.4182958340544896,dga
dibiluma.net,8,2.75,legit
dudodomade.org,10,2.321928094887362,legit
fobilofe.com,8,2.5,legit
fuce.org,4,2.0,legit
pnwpdav8u1fx.site,12,3.4182958340544896,dga
58frvabkg23dx.site,13,3.7004397181410926,dga
nrlm5mppqnompw.site,14,2.9852281360342516,dga
xl51n0xxzr2l.xyz,12,3.0220552088742005,dga
e9qqykz3fq1.xyz,11,3.0271691184406184,dga
miba.org,4,2.0,legit
0y9jhjfv1qwkwqlbzrs.top,19,3.9321380397593746,dga
bedumu.net,6,2.2516291673878226,legit
bpnegc2dpcz2o8ndi6so.info,20,3.7219280948873625,dga
bimo.info,4,2.0,legit
m76spy1atqnjsb.site,14,3.6644977792004614,dga
xmcc2mawbxv0au3fig79hi4.xyz,23,4.088779347361361,dga
oc0cef65uyg36097.xyz,16,3.625,dga
rlsw0b2utchwc8zp.site,16,3.75,dga
cadaco.net,6,1.9182958340544896,legit
0gg8dcmty71gynd4aj8z2.site,21,3.880179922675738,dga
cefimi.info,6,2.2516291673878226,legit
rzn0994lx994qtwziho2kg.xyz,22,3.913977073182752,dga
kltalchvw48ak7qh.site,16,3.5,dga
ficu.com,4,2.0,legit
milubucumi.net,10,2.4464393446710155,legit
nlwq2vc2sc5g2mi39dwx.info,20,3.8841837197791893,dga
mebalecoca.net,10,2.721928094887362,legit
4ebeaqncdz6s601zf88jrf.info,22,4.004886164091843,dga
mabacicido.com,10,2.721928094887362,legit
2d64bh74k0cb.top,12,3.2516291673878226,dga
cimimilobu.org,10,2.6464393446710157,legit
lelocimodo.net,10,2.6464393446710157,legit
lacicabe.info,8,2.5,legit
cubamu.org,6,2.2516291673878226,legit
mumefela.org,8,2.5,legit
dibo.com,4,2.0,legit
cocidadaca.com,10,2.1709505944546685,legit
cibofola.net,8,2.75,legit
fucabu.net,6,2.2516291673878226,legit
mofobo.info,6,1.792481250360578,legit
bofudeli.info,8,3.0,legit
wlp8zdcmbrtpyfuh3e.site,18,4.058813890331201,dga
lxj6y0iy1l58l9k5silu.site,20,3.6219280948873624,dga
bubecelifo.org,10,2.9219280948873623,legit
fgvre741nwet6t18um0.top,19,3.9321380397593746,dga
cudalubo.org,8,2.75,legit
hpfap8i4tiuwh.xyz,13,3.238901256602631,dga
budifo.com,6,2.584962500721156,legit
bamufo.com,6,2.584962500721156,legit
1jlemlbtecskq8nhs56hf.xyz,21,4.011365041826379,dga
vuzk1dzcjd7.site,11,3.095795255000934,dga
lofu.info,4,2.0,legit
8ymm7pl990gw31gkl9z6.info,20,3.784183719779189,dga
lelecu.com,6,1.9182958340544896,legit
colo.info,4,1.5,legit
dobimu.com,6,2.584962500721156,legit
ndx3alxwhk7k30n1tpf.top,19,3.826874881864638,dga
g8oiebkf0e4ty.top,13,3.546593564294939,dga
pdje38h046ayyrohv7.top,18,3.94770277922009,dga
cucebame.info,8,2.5,legit
fufibidu.net,8,2.25,legit
bodima.com,6,2.584962500721156,legit
lobeca.org,6,2.584962500721156,legit
mocecufafa.info,10,2.721928094887362,legit
cifa.net,4,2.0,legit
cubifo.com,6,2.584962500721156,legit
dali.info,4,2.0,legit
micedo.org,6,2.584962500721156,legit
decamilo.net,8,3.0,legit
by4cyxqbwewp.xyz,12,3.084962500721156,dga
c8y7kkgawof0eh43082i.xyz,20,4.021928094887363,dga
srl1a47e3wto2mr4yrk.info,19,3.8924071185928764,dga
mofu.info,4,2.0,legit
ceducidume.org,10,2.5219280948873624,legit
mocobecufu.net,10,2.721928094887362,legit
36zhbpx52l49wwkqfsbyd.info,21,4.20184123230257,dga
cylfep1x2j2c6.xyz,13,3.3927474104487847,dga
pnmmx390xtnzj4g.xyz,15,3.506890595608519,dga
8dtc8wbvqn.top,10,3.1219280948873624,dga
bilebuma.org,8,2.75,legit
dili.org,4,1.5,legit
fofico.com,6,1.9182958340544896,legit
mocobale.com,8,2.75,legit
nl5ah9wec04t2vy4ii6322.xyz,22,4.0614821867207755,dga
jby7cqkdsmrd3.top,13,3.546593564294939,dga
mubu.net,4,1.5,legit
dofoca.com,6,2.2516291673878226,legit
fefibi.net,6,1.9182958340544896,legit
67lrvi3dvcsdspnnn.info,17,3.4548223999466057,dga
02sk10ifjnt47veyf.info,17,3.85216872360328,dga
demidefe.com,8,2.1556390622295662,legit
dado.info,4,1.5,legit
z3zmiwslpi8rzom8gvz.top,19,3.5110854081804272,dga
2l2b5wvfxelitzjhmusfw5.info,22,4.004886164091843,dga
cilafu.com,6,2.584962500721156,legit
dadicufabo.org,10,2.9219280948873623,legit
cicula.net,6,2.2516291673878226,legit
i40f3t9birww8whycigg.top,20,3.746439344671016,dga
bufi.org,4,2.0,legit
99vu7j7rpob1.site,12,3.2516291673878226,dga
bumomi.com,6,2.2516291673878226,legit
rv707nndg7f4s1u.top,15,3.456564762130954,dga
u1oja0cc46c17z4.info,15,3.323231428797621,dga
midimu.com,6,1.9182958340544896,legit
dgvnm098qstpgdz95.info,17,3.7345216647797512,dga
v82maxq7kro96r.xyz,14,3.6644977792004614,dga
lelifibede.org,10,2.4464393446710155,legit
mabefu.org,6,2.584962500721156,legit
cofeba.org,6,2.584962500721156,legit
yw0ena941gjm7u.site,14,3.807354922057604,dga
lolucabami.org,10,2.9219280948873623,legit
tp3x5m8pja.xyz,10,3.1219280948873624,dga
doce.info,4,2.0,legit
ydklvqz7zj.top,10,3.1219280948873624,dga
dademofo.net,8,2.5,legit
dududu.org,6,1.0,legit
dgyqj6fvam2ch4d.site,15,3.773557262275186,dga
52vtjxu1kaupo1rxiv432wt.info,23,4.001822825622231,dga
10hoaydt7cu8.site,12,3.584962500721156,dga
lzbz9875e78h.top,12,3.084962500721156,dga
bumomoca.info,8,2.5,legit
2qdyqxngu3du3h.info,14,3.2359263506290326,dga
ewb9hjs2mxcbmm.xyz,14,3.3248629576173565,dga
cololida.com,8,2.5,legit
ap0g0it81b2as2j0zbim.top,20,3.684183719779189,dga
lecu.com,4,2.0,legit
culuculodo.com,10,2.2464393446710154,legit
badife.net,6,2.584962500721156,legit
duleda.com,6,2.2516291673878226,legit
bemamefe.org,8,2.1556390622295662,legit
fida.net,4,2.0,legit
mame.info,4,1.5,legit
p6ui358wyhmn2.xyz,13,3.7004397181410926,dga
t5q9wszre6m6t.info,13,3.3927474104487847,dga
cubudimudu.org,10,2.321928094887362,legit
l8iziwqkcqekofcw23iarre.xyz,23,3.795088586397732,dga
nj4envn9z40iwin.xyz,15,3.106890595608519,dga
12ucbrjgsfcwl3y7h749.info,20,4.1219280948873624,dga
fiduda.org,6,2.2516291673878226,legit
7sg8sooz74vbi0mkkn6jep2.xyz,23,4.1757358691004915,dga
nycjyfeo6908h7d47.xyz,17,3.85216872360328,dga
difadecime.net,10,2.721928094887362,legit
bulufo.net,6,2.2516291673878226,legit
15pnmj4ninzsqcl9iupkz3y.xyz,23,4.0559581516151235,dga
defabelidu.org,10,2.9219280948873623,legit
malu.org,4,2.0,legit
lhpa3ripxhrly.top,13,3.0850551027564768,dga
9kjodv60i4n87r.site,14,3.807354922057604,dga
r9oudocuzrenun5z3.top,17,3.3371753411230767,dga
becola.com,6,2.584962500721156,legit
lzemffzqjv8wziy.info,15,3.456564762130954,dga
cibedafi.com,8,2.75,legit
limulifuda.com,10,2.721928094887362,legit
gyoyghl7t5g7ws9rgdkuyl.site,22,3.6978458230844122,dga
t5x3cvfjdrze84lm.info,16,4.0,dga
fvklgb4nik6p0a7.xyz,15,3.773557262275186,dga
6d15c694ckch.site,12,3.0220552088742005,dga
pk4fxby96mk3xpl4mu.top,18,3.614369445886757,dga
dv1a14ss5f1pj6lp.site,16,3.452819531114783,dga
fqebem2ifvhc3dk1z.top,17,3.85216872360328,dga
dilafacecu.net,10,2.9219280948873623,legit
decumuda.com,8,2.5,legit
cobu.org,4,2.0,legit
dw72dxilqtenput.site,15,3.640223928941852,dga
bica.com,4,2.0,legit
b8lr8qw7goa9.top,12,3.4182958340544896,dga
melucomi.net,8,2.75,legit
ladabe.com,6,2.2516291673878226,legit
didalefami.org,10,2.721928094887362,legit
lbl5pwixwnpjkj2.info,15,3.3735572622751855,dga
79u26192k42qpr7.xyz,15,3.323231428797621,dga
gso367qrn3dzyf.xyz,14,3.6644977792004614,dga
fafale.net,6,1.9182958340544896,legit
pxjfudh0tj.site,10,3.1219280948873624,dga
s5mhie2l2fuwe98s.site,16,3.625,dga
bobo.net,4,1.0,legit
uqgevkyke9fv4b1k1k.xyz,18,3.3921472236645345,dga
mimidamemi.info,10,2.0464393446710156,legit
4y7x40c1nqslcr1e.top,16,3.625,dga
comecufe.info,8,2.5,legit
0huh3h7i5xs9cfu5hys3.xyz,20,3.521928094887363,dga
mh7gx86o3nrdmhj45.info,17,3.85216872360328,dga
ql23b2a3cw49n0dfr9ue.xyz,20,4.021928094887363,dga
mibumi.info,6,1.9182958340544896,legit
djotsilxjfzajvlnrfj.top,19,3.616348566075164,dga
azlpxdrbxyy.info,11,3.095795255000934,dga
fubacoma.com,8,2.75,legit
ludelucu.info,8,2.1556390622295662,legit
bobolamu.org,8,2.5,legit
mola.com,4,2.0,legit
g7con4rcer8clubnj.xyz,17,3.572469458770135,dga
bafifida.info,8,2.25,legit
doda.info,4,1.5,legit
w6uyrlbuobrd47wokgp.xyz,19,3.721611723969901,dga
fmi42ktv4jp.site,11,3.2776134368191157,dga
3piarrfp8svzcrxrqahtu.info,21,3.820888851350189,dga
badi.org,4,2.0,legit
bubelebifo.com,10,2.6464393446710157,legit
6g01rzbk6kt7miivd.xyz,17,3.7345216647797512,dga
rhbv1r7eqe536.site,13,3.3927474104487847,dga
91ooqhsfhfvmhxiuyatd8m.top,22,3.970573095811685,dga
bszhcd3lodq10bdf.xyz,16,3.577819531114783,dga
dadacimi.net,8,2.25,legit
9h8k6f3me1r32jvelv371b.site,22,3.970573095811685,dga
filu.com,4,2.0,legit
02gkfsfyhrevbp4.info,15,3.773557262275186,dga
bodeci.info,6,2.584962500721156,legit
1vm6yq2akws8xoyi09c.xyz,19,4.142664355548848,dga
cuciloceda.com,10,2.8464393446710154,legit
f0ve5z8d70zj9f.site,14,3.3787834934861753,dga
hw08p8tw5lbjzyxz8ykw.xyz,20,3.6464393446710157,dga
5tq9dzgkdnq4g2vqx.xyz,17,3.572469458770135,dga
fibe.info,4,2.0,legit
oabt3818yop3wjrmhc0.site,19,3.9321380397593746,dga
lucaceme.org,8,2.5,legit
bv11dg9ys8317qky.top,16,3.577819531114783,dga
kl6cev1hoh9o5qvwc9rj6.info,21,3.8208888513501886,dga
dmpfm5nizu.site,10,3.1219280948873624,dga
ac4jxfpk5fvddwj.top,15,3.506890595608519,dga
bibemu.com,6,2.2516291673878226,legit
9vvmiuopp5.top,10,2.9219280948873623,dga
gx2gjbgvd3fm6c02.top,16,3.577819531114783,dga
hu8fk18zs80.site,11,3.0271691184406184,dga
d9ec6g610g3q.site,12,3.2516291673878226,dga
locemabico.net,10,2.9219280948873623,legit
hn00cvw9namsqett6.site,17,3.7345216647797512,dga
0khidkg042lywbi45h02c.info,21,3.6897037321995474,dga
febabido.net,8,2.75,legit
tyzmepgthcw81xe6va05g.site,21,4.106603137064474,dga
g8ksjlqfjt0kdulb.info,16,3.625,dga
ducico.org,6,2.2516291673878226,legit
gj9rdb6n7xb2z.xyz,13,3.546593564294939,dga
l3rfe08a1hyhk4zzi.xyz,17,3.85216872360328,dga
belimodu.net,8,3.0,legit
tw48of2tx0qjtaa7iws4.site,20,3.784183719779189,dga
r6ouxdxtkyc9c4d0np.info,18,3.8365916681089787,dga
facoloci.org,8,2.5,legit
ludifu.com,6,2.2516291673878226,legit
bobolobu.info,8,1.811278124459133,legit
2hxwmv1dpofa.top,12,3.584962500721156,dga
m5e8nsqdtzo.xyz,11,3.4594316186372973,dga
lace.info,4,2.0,legit
1bnlbvgs0b3qwwwpr2du3.top,21,3.8442328987631917,dga
labecalo.net,8,2.5,legit
mududafa.com,8,2.25,legit
maci.com,4,2.0,legit
celufefa.info,8,2.5,legit
dodu.org,4,1.5,legit
bebilefo.com,8,2.5,legit
4txjtvwu2t1z0azd0wi3r.site,21,3.880179922675738,dga
libi.info,4,1.5,legit
ikvw2rfxvlhzz3ry4.site,17,3.7345216647797512,dga
dfryi0m7p8byw485.top,16,3.75,dga
b0znldezka4ml6.top,14,3.521640636343318,dga
qf8ylxyxl2cq2.info,13,2.931208948910323,dga
1f21johnm0ha.site,12,3.2516291673878226,dga
doculomubo.info,10,2.6464393446710157,legit
hbvgkp7l9kv913o.top,15,3.506890595608519,dga
1ncdahvrs1po.site,12,3.4182958340544896,dga
59glfri8mqeeb6bznc9q.site,20,3.9219280948873627,dga
muma.net,4,1.5,legit
iqd4x9g7hsfkr.info,13,3.7004397181410926,dga
3ceuxcjgy6fvt1zblqf.xyz,19,4.037401197654112,dga
babo.net,4,1.5,legit
mabila.com,6,2.2516291673878226,legit
nwssagl64tpku.site,13,3.546593564294939,dga
dalicelibe.com,10,2.721928094887362,legit
uuptj7o0trd9l195dwy7u.xyz,21,3.7849418274376427,dga
lofoce.net,6,2.2516291673878226,legit
tmrflpbhzdt.xyz,11,3.2776134368191157,dga
vn2jjhxu0y7r2mjnywmp55r.xyz,23,3.795088586397732,dga
l0blv0prkgyc.xyz,12,3.2516291673878226,dga
f3g3t34ooj.site,10,2.6464393446710157,dga
fifubado.org,8,2.75,legit
gilz2eog4xozi1r4uj.top,18,3.614369445886757,dga
u72hn5f62d3i603.info,15,3.506890595608519,dga
vfbo1epmkvtegb41bvq.top,19,3.5368867237421675,dga
famida.org,6,2.2516291673878226,legit
fudidila.net,8,2.5,legit
mebu.org,4,2.0,legit
dobacemu.info,8,3.0,legit
lacumolafu.info,10,2.721928094887362,legit
bicido.org,6,2.2516291673878226,legit
mocala.com,6,2.2516291673878226,legit
mice.info,4,2.0,legit
cofamo.net,6,2.2516291673878226,legit
0jl6qkv3eoyy.info,12,3.4182958340544896,dga
dufe.info,4,2.0,legit
boedazsntanharwicn1c6se.top,23,3.8492239123906247,dga
uqizlsg38ql.xyz,11,3.095795255000934,dga
cileli.com,6,1.9182958340544896,legit
lodocodala.info,10,2.2464393446710154,legit
labadacemo.net,10,2.8464393446710154,legit
mrs1txzq98mej.site,13,3.546593564294939,dga
fibu.net,4,2.0,legit
pn8dpoy7ul.top,10,3.1219280948873624,dga
ne00v830dn0yby4aw.top,17,3.381580488309163,dga
3hq57uyzhww3ltfiuhpth.xyz,21,3.6304126608739984,dga
lilemecali.info,10,2.4464393446710155,legit
spx01cvcop2r16pnbz42n.site,21,3.7849418274376427,dga
yj9pnu94z96352lx.info,16,3.702819531114783,dga
85l8d7ceda0i.site,12,3.2516291673878226,dga
boco.com,4,1.5,legit
cucibumi.info,8,2.25,legit
ck7nhbqp8reyz.info,13,3.7004397181410926,dga
t6z84qcmswd.xyz,11,3.4594316186372973,dga
ehd253hqcbq.info,11,3.095795255000934,dga
s3s4adai093ztt8.top,15,3.3735572622751855,dga
88az39jgrf2r07goulzyq.xyz,21,4.011365041826379,dga
m5zm97pper1ufh01xw.top,18,3.8365916681089787,dga
0vxqs3h4de4m6hy7t0dj.top,20,3.9219280948873627,dga
milocobo.com,8,2.4056390622295662,legit
yy5j5o122s.xyz,10,2.721928094887362,dga
fofedibode.org,10,2.5219280948873624,legit
mecodu.net,6,2.584962500721156,legit
e7axuiy0x8l.xyz,11,3.2776134368191157,dga
2ykzetonziqy.site,12,3.2516291673878226,dga
r51b280iouea40uee4c9wf4.top,23,3.936180434129755,dga
kz0ys93f7s.info,10,3.1219280948873624,dga
939eseqgm5vwipgsemu.info,19,3.5766176449086657,dga
e5blyujtge753.info,13,3.3927474104487847,dga
muli.info,4,2.0,legit
bififafoma.org,10,2.4464393446710155,legit
dole.org,4,2.0,legit
23tr4oxnwjt27sh.top,15,3.640223928941852,dga
licima.org,6,2.2516291673878226,legit
bulo.net,4,2.0,legit
ehrj0kx9k2pcigykb5fa.xyz,20,4.0841837197791895,dga
dolicili.com,8,2.1556390622295662,legit
dubabico.com,8,2.75,legit
dimi.info,4,1.5,legit
qui3owm0tkow3b.site,14,3.3787834934861753,dga
bima.net,4,2.0,legit
dicoce.net,6,2.2516291673878226,legit
7ounb0c05zqall.info,14,3.521640636343318,dga
gge3x51h5g1k.site,12,2.8553885422075336,dga
facolifi.org,8,2.5,legit
maiaicndrjoii25wig.top,18,3.4138338639736006,dga
lilalu.info,6,1.792481250360578,legit
rlkj4v6e2d.site,10,3.3219280948873626,dga
bifidulume.net,10,2.9219280948873623,legit
eir9uy7s361gh9n12.top,17,3.85216872360328,dga
giu2nt6kvuor1.site,13,3.546593564294939,dga
w2567h488s.site,10,3.1219280948873624,dga
wuo4mcyr1l32fhwiyou.site,19,3.826874881864638,dga
bhlu1lwpenxxjuhau.xyz,17,3.4548223999466057,dga
lidocumeci.org,10,2.9219280948873623,legit
b7x6625csmu6fgk88aenn1g.site,23,4.0559581516151235,dga
3k5hf3vx4q.site,10,3.1219280948873624,dga
fecufami.org,8,2.75,legit
cubimidubi.info,10,2.4464393446710155,legit
5p6r08xcc4xh4fj7r37f7fp.info,23,3.6753108689123635,dga
mufubufado.info,10,2.6464393446710157,legit
ce2xblug2yi9mmq52som.top,20,3.846439344671016,dga
4d61dthrxrw0pudlcadun.top,21,3.820888851350189,dga
isebn33p2pl36h.site,14,3.3248629576173565,dga
oqf1p7rs8r0melish32r.site,20,3.9841837197791894,dga
biculabofu.net,10,2.9219280948873623,legit
29dw4jewer.xyz,10,2.9219280948873623,dga
cubu.org,4,1.5,legit
doob74avmivlud.site,14,3.3787834934861753,dga
foluda.info,6,2.584962500721156,legit
jmehimj2s85f22znpsk.xyz,19,3.6818808028034025,dga
z8vbhqlqcg1wu16h.site,16,3.625,dga
bumabubu.net,8,1.811278124459133,legit
docabucece.org,10,2.6464393446710157,legit
z9x0z3cyozjf6zxxd.xyz,17,3.3371753411230762,dga
hiu353ef9p2i4r.site,14,3.521640636343318,dga
mabe.info,4,2.0,legit
cemabili.net,8,2.75,legit
usl6ithf1v.site,10,3.3219280948873626,dga
micimumo.com,8,2.1556390622295662,legit
dgw4ldh6v1jzpc.top,14,3.6644977792004614,dga
bubabodo.info,8,2.1556390622295662,legit
lofobu.com,6,2.2516291673878226,legit
cubamecu.info,8,2.5,legit
nx7q43nvik74au0lj4eatm.top,22,3.970573095811685,dga
bomocila.net,8,2.75,legit
31d3sch53xdxq1vsb8.top,18,3.4613201402110083,dga
lamuba.info,6,2.2516291673878226,legit
bocufe.info,6,2.584962500721156,legit
lamimudu.org,8,2.5,legit
dobubo.info,6,1.9182958340544896,legit
dd2z81k31p.site,10,2.9219280948873623,dga
2h9evpxjp5mzcwd4g7f.site,19,4.142664355548848,dga
celila.com,6,2.2516291673878226,legit
cefoducofi.info,10,2.721928094887362,legit
fodibo.com,6,2.2516291673878226,legit
fecifu.org,6,2.2516291673878226,legit
igo3hh9siwt21.site,13,3.3927474104487847,dga
locububude.net,10,2.6464393446710157,legit
c7jhxtxts5bjj0dts.top,17,3.29277019393699,dga
cubima.info,6,2.584962500721156,legit
felifefo.com,8,2.1556390622295662,legit
z7fztvovke6h76mwwjpgjq.info,22,3.913977073182752,dga
uak6zaukhckzi3czzs9d.info,20,3.3841837197791893,dga
dw3y1esw694c4ewvmt6ka.site,21,3.880179922675738,dga
bebomadu.net,8,2.75,legit
hbrpoig8f1c.info,11,3.4594316186372973,dga
mobodo.info,6,1.792481250360578,legit
fk65rk196j3z4d.xyz,14,3.521640636343318,dga
laliloda.info,8,2.1556390622295662,legit
qjvfjwtzift.top,11,2.913977073182752,dga
indsude9yfzqlpzfbnkyzsj.info,23,3.8820451081368623,dga
glwtk38lb2.site,10,3.1219280948873624,dga
buduladudo.com,10,2.3709505944546687,legit
mudamibe.net,8,2.75,legit
yee3585y8j165jiu7m5c8u7.site,23,3.5342190211803404,dga
dadebi.net,6,2.2516291673878226,legit
mabumefe.com,8,2.5,legit
sqlfe5xnzg5.xyz,11,3.2776134368191157,dga
lolodofuce.org,10,2.6464393446710157,legit
u4flmyftzf.top,10,2.8464393446710154,dga
dg5pivab3n3fmc2kkf.xyz,18,3.8365916681089787,dga
k42161j4by1ft8j9lqy3t3.xyz,22,3.788754913993503,dga
memacala.com,8,2.1556390622295662,legit
iudt3ki24sjnnmaxgjy1k.info,21,4.011365041826379,dga
2bnylrjzmj.site,10,3.1219280948873624,dga
cico.com,4,1.5,legit
22jyyb8rn517v.xyz,13,3.3927474104487847,dga
fufecodabu.net,10,2.9219280948873623,legit
oksqgorjgn96kbc88.top,17,3.616874605956222,dga
gooi3k5l8fkhyo.top,14,3.3248629576173565,dga
1aptc7s82i5u7.xyz,13,3.546593564294939,dga
loloci.org,6,1.9182958340544896,legit
5pr2esprvu8fijoyj.xyz,17,3.7345216647797512,dga
7164d0bq77zoldvxpqawb7.top,22,3.823067982273661,dga
culomu.info,6,2.2516291673878226,legit
o4xsdjws3kk.top,11,3.095795255000934,dga
coda.com,4,2.0,legit
zppqr2sor0qb7.info,13,3.238901256602631,dga
bebicofeda.org,10,2.9219280948873623,legit
8ym759jsu0.site,10,3.3219280948873626,dga
codedu.org,6,2.2516291673878226,legit
o9q5kpbnrici8s3ebf3.site,19,3.9321380397593746,dga
70s1klxlim5.site,11,3.2776134368191157,dga
v3cbhkr8lvxrql7.site,15,3.506890595608519,dga
bolifiboci.info,10,2.4464393446710155,legit
befumomade.com,10,2.9219280948873623,legit
rd7v6w77m8ku14izlb.top,18,3.905764584655453,dga
dubabo.com,6,2.2516291673878226,legit
5d7d6xb1c6u85sveef.top,18,3.7254805569978675,dga
dulecolo.net,8,2.5,legit
mobifi.info,6,2.2516291673878226,legit
fecodacolu.net,10,2.9219280948873623,legit
5so7gfxp510dgr.site,14,3.521640636343318,dga
cadema.net,6,2.2516291673878226,legit
cebimodu.org,8,3.0,legit
or9wpjb9uokyn8bkfr5hgp.info,22,3.913977073182752,dga
fhg5m89f7j3p.xyz,12,3.4182958340544896,dga
kd6fleepzhpcf07uqnupqzi.site,23,3.8820451081368623,dga
y9b1uzlucsuc.info,12,3.0220552088742005,dga
focicibemo.com,10,2.721928094887362,legit
3stuf93axms.top,11,3.095795255000934,dga
bifa.net,4,2.0,legit
r3lm71reaavo6.info,13,3.3927474104487847,dga
9zmzd1iylzu7.xyz,12,3.188721875540867,dga
ludumu.net,6,1.792481250360578,legit
dumeboci.org,8,3.0,legit
mufu.com,4,1.5,legit
milumi.net,6,1.9182958340544896,legit
jm1fsoc4wp.info,10,3.3219280948873626,dga
097iypqnvf2xf8mdr.site,17,3.9698157824268097,dga
folu.net,4,2.0,legit
cibi.org,4,1.5,legit
cufu.org,4,1.5,legit
fumi.net,4,2.0,legit
